week_ending,btc_usd,power_law_trend,power_law_support,btc_vs_power_law_pct,gold_usd_oz,btc_gold_ratio,btc_gold_52w_zscore_pct
2010-07-18,0.08584000,0.14218770,0.05230793,-50.46629433,1191.59997559,0.00007204,
2010-07-25,0.05054062,0.15250063,0.05610185,-110.43913874,1160.40002441,0.00004355,
2010-08-01,0.06110000,0.16342133,0.06011935,-98.38198729,1193.69995117,0.00005119,
2010-08-08,0.06090000,0.17497758,0.06437065,-105.54246682,1197.50000000,0.00005086,
2010-08-15,0.06511793,0.18719803,0.06886631,-105.59670806,1229.69995117,0.00005295,
2010-08-22,0.06592899,0.20011229,0.07361720,-111.03004206,1239.50000000,0.00005319,
2010-08-29,0.06400000,0.21375090,0.07863456,-120.59282145,1246.30004883,0.00005135,
2010-09-05,0.06165000,0.22814536,0.08392999,-130.85097214,1255.59997559,0.00004910,
2010-09-12,0.06150000,0.24332816,0.08951543,-137.53738082,1266.69995117,0.00004855,
2010-09-19,0.06270000,0.25933280,0.09540320,-141.97507247,1290.19995117,0.00004860,
2010-09-26,0.06200000,0.27619378,0.10160601,-149.39683510,1308.50000000,0.00004738,
2010-10-03,0.06106487,0.29394667,0.10813694,-157.14616371,1346.40002441,0.00004535,
2010-10-10,0.09714620,0.31262807,0.11500944,-116.87971226,1369.50000000,0.00007094,
2010-10-17,0.10200000,0.33227566,0.12223738,-118.09921169,1343.30004883,0.00007593,
2010-10-24,0.11501000,0.35292825,0.12983505,-112.12456880,1322.19995117,0.00008698,
2010-10-31,0.19250000,0.37462573,0.13781710,-66.58313121,1337.09997559,0.00014397,
2010-11-07,0.34000000,0.39740915,0.14619865,-15.60207263,1399.09997559,0.00024301,
2010-11-14,0.27904000,0.42132071,0.15499523,-41.20391729,1336.80004883,0.00020874,
2010-11-21,0.27675000,0.44640378,0.16422277,-47.81093167,1372.90002441,0.00020158,
2010-11-28,0.27135868,0.47270296,0.17389770,-55.50257158,1387.30004883,0.00019560,
2010-12-05,0.20285002,0.50026403,0.18403685,-90.26691428,1382.50000000,0.00014673,
2010-12-12,0.21985361,0.52913403,0.19465753,-87.82798346,1385.50000000,0.00015868,
2010-12-19,0.24010000,0.55936125,0.20577750,-84.57399982,1386.80004883,0.00017313,
2010-12-26,0.26496213,0.59099526,0.21741501,-80.22211014,1413.09997559,0.00018750,
2011-01-02,0.29997000,0.62408695,0.22958876,-73.26072350,1373.40002441,0.00021841,
2011-01-09,0.32300000,0.65868851,0.24231796,-71.25984321,1385.69995117,0.00023310,
2011-01-16,0.38679000,0.69485349,0.25562231,-58.58191007,1370.19995117,0.00028229,
2011-01-23,0.44240000,0.73263678,0.26952201,-50.44356007,1333.00000000,0.00033188,
2011-01-30,0.47714203,0.77209468,0.28403776,-48.12929768,1331.50000000,0.00035835,
2011-02-06,0.89800000,0.81328490,0.29919079,9.90885895,1364.80004883,0.00065797,
2011-02-13,1.05000000,0.85626656,0.31500286,20.39637131,1374.69995117,0.00076380,
2011-02-20,0.86500000,0.90110024,0.33149625,-4.08870041,1413.40002441,0.00061200,
2011-02-27,0.89503311,0.94784801,0.34869380,-5.73334435,1437.19995117,0.00062276,
2011-03-06,0.88477097,0.99657340,0.36661887,-11.89939711,1429.30004883,0.00061902,
2011-03-13,0.89249000,1.04734149,0.38529540,-15.99950082,1396.00000000,0.00063932,
2011-03-20,0.74150000,1.10021888,0.40474791,-39.45892610,1437.90002441,0.00051568,
2011-03-27,0.82200000,1.15527375,0.42500146,-34.03522117,1423.80004883,0.00057733,
2011-04-03,0.77900000,1.21257584,0.44608172,-44.24911272,1457.69995117,0.00053440,
2011-04-10,0.73315682,1.27219653,0.46801495,-55.11406159,1454.90002441,0.00050392,
2011-04-17,1.09812210,1.33420880,0.49082799,-19.47369236,1498.30004883,0.00073291,
2011-04-24,1.63198422,1.39868731,0.51454831,15.42624263,1516.69995117,0.00107601,
2011-05-01,3.09422755,1.46570837,0.53920398,74.71996413,1514.90002441,0.00204253,
2011-05-08,3.84866838,1.53535001,0.56482370,91.89688377,1501.09997559,0.00256390,
2011-05-15,6.92492484,1.60769198,0.59143683,146.03276041,1495.59997559,0.00463020,
2011-05-22,6.71195604,1.68281576,0.61907332,138.34219807,1526.59997559,0.00439667,
2011-05-29,8.40095347,1.76080463,0.64776382,156.25743269,1542.40002441,0.00544668,
2011-06-05,16.54334240,1.84174364,0.67753962,219.52709944,1538.09997559,0.01075570,
2011-06-12,18.85014473,1.92571967,0.70843268,228.12208391,1525.59997559,0.01235589,
2011-06-19,17.51071679,2.01282144,0.74047562,216.32756443,1552.90002441,0.01127614,
2011-06-26,16.36134202,2.10313952,0.77370179,205.14901198,1509.90002441,0.01083604,
2011-07-03,15.45755056,2.19676640,0.80814520,195.11111322,1528.69995117,0.01011157,
2011-07-10,14.62293755,2.29379646,0.84384056,185.23830717,1585.19995117,0.00922466,215.30853365
2011-07-17,13.25813531,2.39432604,0.88082333,171.15095619,1596.69995117,0.00830346,178.48294721
2011-07-24,13.99251518,2.49845342,0.91912965,172.28506490,1615.00000000,0.00866410,178.67623880
2011-07-31,13.37290610,2.60627888,0.95879642,163.53072399,1663.40002441,0.00803950,154.10173056
2011-08-07,8.50179329,2.71790472,0.99986127,114.04158568,1781.30004883,0.00477280,63.73080460
2011-08-14,10.80682077,2.83343527,1.04236258,133.86876355,1791.19995117,0.00603329,94.08943179
2011-08-21,11.35448134,2.95297692,1.08633950,134.67987096,1754.09997559,0.00647311,101.94465044
2011-08-28,9.03086640,3.07663817,1.13183193,107.68108135,1828.50000000,0.00493895,58.69480060
2011-09-04,8.20347060,3.20452959,1.17888056,93.99920022,1814.19995117,0.00452181,45.42564965
2011-09-11,5.85290397,3.33676394,1.22752685,56.19364858,1823.50000000,0.00320971,8.78127469
2011-09-18,5.23673228,3.47345612,1.27781309,41.05475956,1805.50000000,0.00290043,-1.00778743
2011-09-25,5.34115488,3.61472320,1.32978235,39.04266153,1616.30004883,0.00330456,8.26906756
2011-10-02,5.00706260,3.76068452,1.38347852,28.62484416,1640.30004883,0.00305253,-0.15504433
2011-10-09,4.11163464,3.91146161,1.43894631,4.99095567,1681.30004883,0.00244551,-18.12406306
2011-10-16,3.60974172,4.06717829,1.49623127,-11.93132400,1646.00000000,0.00219304,-26.35758157
2011-10-23,3.14775093,4.22796067,1.55537981,-29.50315590,1722.69995117,0.00182722,-37.63140405
2011-10-30,3.25740372,4.39393720,1.61643916,-29.92952075,1728.69995117,0.00188431,-37.18458412
2011-11-06,2.96272058,4.56523865,1.67945744,-43.23628303,1790.90002441,0.00165432,-44.60551573
2011-11-13,2.98637330,4.74199817,1.74448364,-46.23988927,1773.80004883,0.00168360,-44.81261442
2011-11-20,2.20198951,4.92435132,1.81156761,-80.48312807,1695.69995117,0.00129857,-56.54852799
2011-11-27,2.47756495,5.11243609,1.88076013,-72.43998168,1745.50000000,0.00141940,-54.03982801
2011-12-04,2.81969398,5.30639290,1.95211285,-63.22839410,1740.90002441,0.00161968,-49.40881208
2011-12-11,3.24926885,5.50636467,2.02567836,-52.74746352,1584.30004883,0.00205092,-38.32832433
2011-12-18,3.19401081,5.71249683,2.10151014,-58.13787674,1611.90002441,0.00198152,-41.62213325
2011-12-25,4.23386688,5.92493733,2.17966264,-33.60543794,1562.90002441,0.00270898,-22.03509709
2012-01-01,5.29484278,6.14383670,2.26019121,-14.87161312,1611.90002441,0.00328485,-6.92306849
2012-01-08,7.09665057,6.36934805,2.34315220,10.81258043,1639.19995117,0.00432934,21.87305794
2012-01-15,7.04692256,6.60162710,2.42860289,6.52748562,1659.50000000,0.00424641,17.27906526
2012-01-22,6.30296723,6.84083223,2.51660154,-8.18888839,1699.80004883,0.00370806,-0.92823724
2012-01-29,5.39142946,7.08712448,2.60720739,-27.34691287,1747.09997559,0.00308593,-21.70009754
2012-02-05,5.67811572,7.34066760,2.70048069,-25.68103541,1729.30004883,0.00328348,-17.32765275
2012-02-12,5.51909717,7.60162806,2.79648268,-32.01481525,1726.30004883,0.00319707,-21.64892619
2012-02-19,4.38955146,7.87017510,2.89527562,-58.38532633,1770.00000000,0.00247997,-45.61507963
2012-02-26,4.92642085,8.14648074,2.99692278,-50.29732917,1709.90002441,0.00288112,-34.64772119
2012-03-04,4.83414448,8.43071979,3.10148849,-55.61779825,1683.30004883,0.00287183,-36.69004540
2012-03-11,4.89202875,8.72306994,3.20903810,-57.83641384,1642.50000000,0.00297840,-35.07208832
2012-03-18,5.27014899,9.02371173,3.31963803,-53.77971164,1650.00000000,0.00319403,-30.09817423
2012-03-25,4.55227026,9.33282859,3.43335577,-71.79120729,1657.90002441,0.00274581,-46.76743512
2012-04-01,4.79332568,9.65060689,3.55025987,-69.97963376,1612.30004883,0.00297297,-41.28305140
2012-04-08,4.77881885,9.97723597,3.67041999,-73.61126819,1659.00000000,0.00288054,-46.56241364
2012-04-15,4.96160034,10.31290813,3.79390688,-73.16679895,1638.80004883,0.00302758,-43.58184497
2012-04-22,5.19560899,10.65781869,3.92079239,-71.84799276,1641.40002441,0.00316535,-40.63193848
2012-04-29,4.90260618,11.01216603,4.05114949,-80.92337280,1653.40002441,0.00296517,-48.45422875
2012-05-06,5.04780077,11.37615159,4.18505229,-81.25665408,1593.69995117,0.00316735,-41.84516888
2012-05-13,4.94479505,11.74997992,4.32257605,-86.55160124,1536.19995117,0.00321885,-39.02041680
2012-05-20,5.09420097,12.13385868,4.46379715,-86.78969555,1548.09997559,0.00329061,-35.70356963
2012-05-27,5.13461614,12.52799874,4.60879317,-89.19609523,1563.40002441,0.00328426,-34.47992618
2012-06-03,5.21270498,12.93261410,4.75764285,-90.86534337,1632.80004883,0.00319249,-34.35517863
2012-06-10,5.45789357,13.34792204,4.91042610,-89.42977978,1618.09997559,0.00337303,-23.51056593
2012-06-17,6.19996649,13.77414304,5.06722405,-79.82492552,1614.80004883,0.00383946,1.59200971
2012-06-24,6.35049404,14.21150091,5.22811901,-80.55189490,1577.50000000,0.00402567,17.74753388
2012-07-01,6.62686009,14.66022274,5.39319455,-79.40067892,1621.30004883,0.00408737,29.92605172
2012-07-08,6.79631769,15.12053898,5.56253543,-79.96730676,1575.19995117,0.00431457,53.63605043
2012-07-15,7.62723486,15.59268342,5.73622766,-71.50764171,1570.40002441,0.00485687,100.68048467
2012-07-22,8.50656254,16.07689331,5.91435853,-63.65451132,1608.00000000,0.00529015,153.17277106
2012-07-29,8.74768066,16.57340928,6.09701654,-63.90109625,1603.69995117,0.00545469,191.09177356
2012-08-05,10.80511738,17.08247545,6.28429152,-45.80332573,1612.90002441,0.00669919,278.49024178
2012-08-12,11.59255239,17.60433944,6.47627455,-41.77825740,1603.69995117,0.00722863,304.90010518
2012-08-19,7.83062184,18.13925238,6.67305803,-84.00363050,1637.40002441,0.00478235,121.25965841
2012-08-26,10.54553074,18.68746897,6.87473564,-57.21510467,1659.80004883,0.00635349,238.37766154
2012-09-02,10.22611620,19.24924749,7.08140241,-63.25271087,1690.80004883,0.00604809,204.79301764
2012-09-09,11.06209549,19.82484986,7.29315469,-58.34117500,1730.59997559,0.00639206,215.82889352
2012-09-16,11.88691122,20.41454162,7.51009016,-54.08095739,1769.00000000,0.00671957,222.93596251
2012-09-23,12.16546303,21.01859202,7.73230789,-54.68063429,1750.59997559,0.00694931,222.39809768
2012-09-30,12.39162247,21.63727402,7.95990827,-55.73968392,1777.30004883,0.00697216,209.54277947
2012-10-07,11.87399709,22.27086431,8.19299312,-62.89284006,1763.19995117,0.00673435,184.00493790
2012-10-14,11.65057796,22.91964337,8.43166560,-67.66385428,1751.50000000,0.00665177,170.17767857
2012-10-21,11.65741141,23.58389550,8.67603030,-70.46219350,1700.50000000,0.00685528,173.71720877
2012-10-28,10.70996208,24.26390882,8.92619322,-81.78156683,1717.50000000,0.00623579,131.81565426
2012-11-04,10.79688289,24.95997534,9.18226178,-83.80160841,1713.19995117,0.00630217,130.71110711
2012-11-11,10.84184064,25.67239098,9.44434485,-86.20033512,1729.50000000,0.00626877,124.12576193
2012-11-18,11.66563103,26.40145558,9.71255273,-81.67721441,1727.90002441,0.00675133,147.57800380
2012-11-25,12.52968949,27.14747297,9.98699719,-77.31829783,1716.50000000,0.00729956,173.35533688
2012-12-02,12.49794476,27.91075098,10.26779147,-80.34477432,1692.40002441,0.00738475,171.44484548
2012-12-09,13.34651089,28.69160147,10.55505032,-76.53494542,1716.59997559,0.00777497,185.54358399
2012-12-16,13.33286108,29.49034038,10.84888994,-79.38310194,1666.50000000,0.00800052,189.56929966
2012-12-23,13.31810576,30.30728773,11.14942808,-82.22637583,1659.80004883,0.00802392,181.38403950
2012-12-30,13.44501380,31.14276771,11.45678398,-83.99737260,1687.90002441,0.00796553,169.30806829
2013-01-06,13.50449651,31.99710865,11.77107845,-86.26228393,1654.80004883,0.00816080,171.11750004
2013-01-13,14.16078827,32.87064308,12.09243381,-84.21031966,1682.69995117,0.00841552,175.30124409
2013-01-20,15.71959214,33.76370780,12.42097396,-76.44786506,1686.30004883,0.00932194,208.74571896
2013-01-27,17.86462801,34.67664383,12.75682435,-66.32437026,1679.90002441,0.01063434,253.01312075
2013-02-03,20.57893968,35.60979653,13.10011205,-54.83525761,1677.69995117,0.01226616,296.26162762
2013-02-10,23.90028936,36.56351558,13.45096568,-42.51603353,1644.19995117,0.01453612,342.28156091
2013-02-17,26.92725138,37.53815503,13.80951549,-33.22190469,1577.59997559,0.01706849,372.43030864
2013-02-24,29.88284849,38.53407332,14.17589336,-25.42581844,1595.19995117,0.01873298,363.78764580
2013-03-03,34.45174048,39.55163336,14.55023278,-13.80474737,1574.59997559,0.02187968,380.50501779
2013-03-10,46.06603846,40.59120249,14.93266889,12.65246299,1588.30004883,0.02900336,436.14444509
2013-03-17,47.33349978,41.65315259,15.32333850,12.78412272,1607.50000000,0.02944541,373.12334510
2013-03-24,71.69042421,42.73786006,15.72238008,51.72720051,1606.19995117,0.04463356,469.88691513
2013-03-31,93.89923842,43.84570588,16.12993378,76.15454891,1552.80004883,0.06047091,486.55205006
2013-04-07,162.85221458,44.97707563,16.54614145,128.66902009,1558.30004883,0.10450633,557.61189232
2013-04-14,88.86149140,46.13235955,16.97114665,65.55642349,1382.19995117,0.06428990,284.45953604
2013-04-21,118.48324376,47.31195252,17.40509465,91.80085881,1423.40002441,0.08323960,336.51343898
2013-04-28,134.62356956,48.51625418,17.84813248,102.05836305,1446.30004883,0.09308136,333.52928685
2013-05-05,116.48871583,49.74566888,18.30040887,85.08710063,1473.90002441,0.07903434,250.29897010
2013-05-12,114.88567556,51.00060577,18.76207435,81.20999978,1396.50000000,0.08226686,242.73880943
2013-05-19,117.03388019,52.28147881,19.23328121,80.58212924,1367.59997559,0.08557611,236.16914512
2013-05-26,130.15860111,53.58870681,19.71418351,88.74153633,1391.30004883,0.09355178,244.17576790
2013-06-02,122.62670894,54.92271347,20.20493714,80.32178667,1398.40002441,0.08769072,209.76845165
2013-06-09,99.90360345,56.28392741,20.70569976,57.37967423,1391.80004883,0.07178014,150.35377197
2013-06-16,99.03835126,57.67278221,21.21663089,54.07218115,1373.59997559,0.07210131,144.77465916
2013-06-23,100.31474459,59.08971644,21.73789186,52.92557826,1229.59997559,0.08158324,166.32262212
2013-06-30,89.48090766,60.53517369,22.26964587,39.08007008,1252.09997559,0.07146467,129.40839997
2013-07-07,72.10952237,62.00960265,22.81205797,15.08968529,1247.40002441,0.05780786,84.20748649
2013-07-14,89.89226928,63.51345706,23.36529509,34.73601397,1277.90002441,0.07034374,117.87810171
2013-07-21,85.66435026,65.04719583,23.92952605,27.53236601,1319.69995117,0.06491199,97.55401365
2013-07-28,92.74584220,66.61128303,24.50492158,33.09888944,1312.40002441,0.07066888,110.62192329
2013-08-04,96.36548217,68.20618794,25.09165430,34.56127758,1286.09997559,0.07492845,118.65008385
2013-08-11,94.27131239,69.83238509,25.68989880,30.00790550,1334.00000000,0.07066815,101.89452999
2013-08-18,99.17803974,71.49035428,26.29983158,32.73540808,1370.59997559,0.07236104,102.90542135
2013-08-25,113.08256341,73.18058064,26.92163111,43.51881076,1419.00000000,0.07969173,119.88792168
2013-09-01,130.53637200,74.90355464,27.55547782,55.54505527,1389.90002441,0.09391781,154.80349139
2013-09-08,118.05738632,76.65977215,28.20155414,43.17937433,1363.90002441,0.08655868,127.99177068
2013-09-15,125.07641788,78.44973446,28.86004447,46.64667993,1307.80004883,0.09563879,147.73724571
2013-09-22,123.12493513,80.27394833,29.53113525,42.77544335,1335.90002441,0.09216628,132.24819436
2013-09-29,127.10862770,82.13292602,30.21501493,43.67030733,1320.59997559,0.09625067,138.06056652
2013-10-06,122.47526125,84.02718532,30.91187398,37.67686793,1306.90002441,0.09371433,125.81748499
2013-10-13,132.41565868,85.95724961,31.62190495,43.20958294,1282.00000000,0.10328835,146.59423648
2013-10-20,166.50015108,87.92364786,32.34530244,63.85274169,1333.90002441,0.12482206,195.97754174
2013-10-27,194.54613326,89.92691471,33.08226313,77.16720422,1349.00000000,0.14421507,232.53703535
2013-11-03,210.27538261,91.96759048,33.83298579,82.69817798,1317.69995117,0.15957759,252.42830056
2013-11-10,327.55865350,94.04622121,34.59767130,124.78807573,1268.30004883,0.25826590,407.61819669
2013-11-17,485.33657686,96.16335869,35.37652266,161.87942248,1257.90002441,0.38583080,488.30295456
2013-11-24,807.16669550,98.31956054,36.16974499,210.53072133,1237.80004883,0.65209781,557.18389068
2013-12-01,964.48579369,100.51539020,36.97754558,226.12842509,1248.19995117,0.77270136,486.50668922
2013-12-08,783.57334833,102.75141698,37.80013386,203.15520298,1258.50000000,0.62262483,329.42043550
2013-12-15,864.06165786,105.02821610,38.63772145,210.74150907,1236.09997559,0.69902247,329.60656321
2013-12-22,615.01303527,107.34636876,39.49052215,174.55827656,1205.09997559,0.51034192,207.60812534
2013-12-29,727.27121566,109.70646210,40.35875197,189.14911968,1201.90002441,0.60510126,239.82118916
2014-01-05,902.48738026,112.10908934,41.24262914,208.56822978,1225.30004883,0.73654398,278.50965527
2014-01-12,845.19133222,114.55484973,42.14237410,199.85092851,1238.09997559,0.68265193,233.91290744
2014-01-19,838.42847473,117.04434864,43.05820957,196.89763650,1239.00000000,0.67669772,215.93701989
2014-01-26,814.49938137,119.57819758,43.99036050,191.86031381,1262.19995117,0.64530139,190.75331785
2014-02-02,814.49087043,122.15701422,44.93905413,189.72560001,1257.30004883,0.64780946,181.58557298
2014-02-09,687.40605458,124.78142250,45.90451998,170.63615857,1295.30004883,0.53069253,127.77688614
2014-02-16,623.25032195,127.45205256,46.88698987,158.72080034,1320.59997559,0.47194482,99.82619506
2014-02-23,610.08232375,130.16954089,47.88669796,154.47561436,1328.19995117,0.45933018,91.12343853
2014-03-02,558.52770716,132.93453028,48.90388071,143.54474738,1340.19995117,0.41674954,70.84727317
2014-03-09,640.57888932,135.74766990,49.93877694,155.15744880,1370.30004883,0.46747345,88.12869191
2014-03-16,634.16890097,138.60961537,50.99162784,152.06538650,1341.40002441,0.47276643,86.86967545
2014-03-23,558.95886169,141.52102871,52.06267696,137.36275589,1303.40002441,0.42884675,66.10571430
2014-03-30,458.96632828,144.48257848,53.15217023,115.58179123,1290.50000000,0.35565000,33.93630217
2014-04-06,458.63348054,147.49493975,54.26035601,113.44575053,1305.50000000,0.35130868,30.30162371
2014-04-13,416.36232165,150.55879417,55.38748506,101.72021798,1303.09997559,0.31951679,15.20245772
2014-04-20,501.55718445,153.67483000,56.53381058,118.28787511,1284.19995117,0.39056004,42.62341094
2014-04-27,438.70936372,156.84374216,57.69958822,102.85871153,1295.59997559,0.33861483,18.95381743
2014-05-04,436.67539864,160.06623224,58.88507607,100.36024431,1288.59997559,0.33887584,17.08657389
2014-05-11,439.11447604,163.34300859,60.09053472,98.89078076,1305.69995117,0.33630581,14.02673353
2014-05-18,446.96264144,166.67478631,61.31622724,98.64304885,1288.00000000,0.34702068,16.60708769
2014-05-25,573.31245880,170.06228733,62.56241923,121.52661054,1259.30004883,0.45526279,60.75610258
2014-06-01,630.07495354,173.50624042,63.82937876,128.96252196,1244.00000000,0.50649112,79.81497492
2014-06-08,657.81997487,177.00738125,65.11737650,131.27398658,1260.80004883,0.52174806,83.12730394
2014-06-15,589.72464641,180.56645241,66.42668561,118.35568595,1272.40002441,0.46347425,54.79661327
2014-06-22,599.63463355,184.18420349,67.75758185,118.03841629,1322.19995117,0.45351282,47.72244502
2014-06-29,600.84051841,187.86139107,69.11034357,116.26251296,1330.69995117,0.45152216,44.13703343
2014-07-06,634.67267446,191.59877880,70.48525167,119.77059009,1323.80004883,0.47943243,53.94321268
2014-07-13,629.87575044,195.39713741,71.88258972,117.04884888,1299.59997559,0.48466895,53.49552589
2014-07-20,625.24867621,199.25724478,73.30264386,114.35527753,1304.50000000,0.47930140,48.11974144
2014-07-27,591.57544418,203.17988596,74.74570290,106.86974981,1294.90002441,0.45685028,34.57462108
2014-08-03,586.75373670,207.16585323,76.21205831,104.10855074,1306.69995117,0.44903479,27.88386585
2014-08-10,589.37350205,211.21594611,77.70200422,102.61790604,1312.80004883,0.44894385,24.83953411
2014-08-17,497.76465897,215.33097145,79.21583744,83.79511464,1293.40002441,0.38484974,-11.23386966
2014-08-24,508.43074196,219.51174342,80.75385750,83.99232737,1281.90002441,0.39662277,-8.50246081
2014-08-31,478.51142548,223.75908357,82.31636662,76.01101350,1268.90002441,0.37710727,-22.64832004
2014-09-07,478.36550088,228.07382090,83.90366978,74.07057340,1243.50000000,0.38469280,-22.36491797
2014-09-14,475.64806400,232.45679186,85.51607469,71.59738531,1234.40002441,0.38532733,-26.11966178
2014-09-21,400.40453068,236.90884040,87.15389181,52.47999353,1218.59997559,0.32857750,-65.06077845
2014-09-28,375.54998977,241.43081804,88.81743442,44.18086266,1214.59997559,0.30919644,-82.67845540
2014-10-05,322.82626154,246.02358388,90.50701855,27.16868878,1205.30004883,0.26783892,-115.65170280
2014-10-12,377.87124372,250.68800467,92.22296307,41.03443558,1244.09997559,0.30373061,-98.40139689
2014-10-19,388.68449795,255.42495481,93.96558964,41.98393077,1244.80004883,0.31224653,-99.01576544
2014-10-26,353.08195617,260.23531644,95.73522279,30.51139155,1224.30004883,0.28839495,-122.62155808
2014-11-02,324.24856663,265.11997946,97.53218989,20.13279264,1145.40002441,0.28308762,-132.59328944
2014-11-09,363.61005172,270.07984156,99.35682118,29.73643822,1158.90002441,0.31375446,-110.79776559
2014-11-16,390.20582350,275.11580828,101.20944981,34.94822224,1193.59997559,0.32691507,-98.89270910
2014-11-23,367.77324226,280.22879307,103.09041179,27.18601711,1196.59997559,0.30734853,-110.30571412
2014-11-30,378.69039714,285.41971727,105.00004609,28.27581880,1208.50000000,0.31335573,-104.53972899
2014-12-07,376.63979310,290.68951023,106.93869458,25.90335524,1228.90002441,0.30648530,-106.54741643
2014-12-14,356.07972151,296.03910930,108.90670209,18.46630710,1194.30004883,0.29814930,-111.51905600
2014-12-21,320.99267008,301.46945989,110.90441643,6.27495711,1173.50000000,0.27353444,-127.87728748
2014-12-28,317.01048042,306.98151551,112.93218838,3.21472989,1183.90002441,0.26776795,-128.51787096
2015-01-04,263.33457481,312.57623782,114.99037169,-17.14230292,1210.59997559,0.21752402,-173.59967131
2015-01-11,268.75551549,318.25459668,117.07932318,-16.90495790,1234.40002441,0.21772157,-172.09386089
2015-01-18,211.13251841,324.01757015,119.19940264,-42.83117575,1293.69995117,0.16320053,-222.00417794
2015-01-25,254.51794126,329.86614460,121.35097294,-25.93156201,1285.90002441,0.19792981,-185.30055239
2015-02-01,227.11130129,335.80131468,123.53439999,-39.10794484,1263.80004883,0.17970509,-203.48007470
2015-02-08,224.03598890,341.82408345,125.75005280,-42.24895252,1219.00000000,0.18378670,-190.83946784
2015-02-15,234.44580304,347.93546233,127.99830345,-39.47925654,1199.69995117,0.19542037,-169.99823777
2015-02-22,236.69066832,354.13647121,130.27952713,-40.29282591,1201.00000000,0.19707799,-160.64414777
2015-03-01,260.65133080,360.42813849,132.59410217,-32.41089815,1200.59997559,0.21710090,-133.81017519
2015-03-08,275.33803390,366.81150106,134.94241003,-28.68485380,1150.69995117,0.23927874,-106.72680379
2015-03-15,287.27014202,373.28760444,137.32483532,-26.19261456,1151.40002441,0.24949638,-92.53960362
2015-03-22,268.89941584,379.85750275,139.74176584,-34.54587988,1197.30004883,0.22458816,-114.19718909
2015-03-29,242.96761426,386.52225877,142.19359256,-46.42612972,1208.09997559,0.20111549,-133.38377110
2015-04-05,261.11213618,393.28294402,144.68070967,-40.95793566,1203.09997559,0.21703278,-112.92355780
2015-04-12,237.14104237,400.14063875,147.20351457,-52.31610026,1201.50000000,0.19737082,-128.43715076
2015-04-19,223.28413530,407.09643204,149.76240792,-60.06049814,1186.90002441,0.18812379,-132.04487203
2015-04-26,220.50340678,414.15142178,152.35779361,-63.03185150,1209.80004883,0.18226434,-132.55844107
2015-05-03,240.46424898,421.30671479,154.99007880,-56.07896815,1190.30004883,0.20201986,-109.53093220
2015-05-10,240.73148393,428.56342680,157.65967396,-57.67566099,1218.40002441,0.19758001,-109.94816875
2015-05-17,236.96368293,435.92268253,160.36699284,-60.95580012,1208.90002441,0.19601595,-107.54421933
2015-05-24,240.71175833,443.38561572,163.11245254,-61.08396616,1185.90002441,0.20297812,-97.32565065
2015-05-31,229.45054793,450.95336918,165.89647345,-67.56764111,1184.69995117,0.19367819,-103.12513687
2015-06-07,223.41168586,458.62709485,168.71947936,-71.92212560,1186.09997559,0.18835822,-105.90970918
2015-06-14,232.50710871,466.40795380,171.58189740,-69.61398888,1176.40002441,0.19764290,-93.32899341
2015-06-21,244.30026008,474.29711633,174.48415811,-66.34359102,1172.59997559,0.20834067,-79.24139989
2015-06-28,249.05828580,482.29576199,177.42669540,-66.08705914,1169.00000000,0.21305243,-71.31403278
2015-07-05,271.30245821,490.40507961,180.40994664,-59.19974622,1163.30004883,0.23321795,-46.40677414
2015-07-12,311.48187989,498.62626738,183.43435260,-47.05156859,1147.19995117,0.27151490,1.91566656
2015-07-19,275.28198948,506.96053286,186.50035753,-61.06371675,1091.40002441,0.25222832,-17.20249037
2015-07-26,293.31484278,515.40909305,189.60840913,-56.37143599,1092.69995117,0.26843128,8.92779082
2015-08-02,282.42300643,523.97317444,192.75895860,-61.80345194,1085.69995117,0.26012989,2.68965684
2015-08-09,266.34202046,532.65401301,195.95246064,-69.30908080,1123.19995117,0.23712788,-27.39761769
2015-08-16,258.93081739,541.45285435,199.18937348,-73.76950861,1128.09997559,0.22952825,-36.33594072
2015-08-23,228.67307393,550.37095365,202.47015887,-87.82991533,1124.59997559,0.20333726,-78.16972610
2015-08-30,229.01957247,559.40957575,205.79528211,-89.30744293,1132.50000000,0.20222479,-77.86608716
2015-09-06,240.80547224,568.56999521,209.16521210,-85.91349898,1102.19995117,0.21847712,-44.76968145
2015-09-13,230.54883732,577.85349634,212.58042131,-91.88576545,1119.19995117,0.20599432,-68.23327950
2015-09-20,231.36232379,587.26137326,216.04138582,-93.14850074,1131.59997559,0.20445593,-68.75851315
2015-09-27,233.24330976,596.79492993,219.54858532,-93.94913968,1115.50000000,0.20909306,-55.40471525
2015-10-04,239.51692490,606.45548020,223.10250315,-92.90072392,1149.00000000,0.20845685,-54.42382330
2015-10-11,248.52816540,616.24434786,226.70362631,-90.80873727,1180.09997559,0.21059925,-46.52193670
2015-10-18,263.48167738,626.16286669,230.35244548,-86.56266777,1167.59997559,0.22566091,-7.24263604
2015-10-25,286.04969345,636.21238051,234.04945501,-79.93668902,1177.09997559,0.24301223,38.29133494
2015-11-01,329.85422764,646.39424321,237.79515297,-67.27587788,1106.50000000,0.29810594,173.70275152
2015-11-08,372.40012975,656.70981880,241.59004115,-56.72733510,1084.69995117,0.34332087,274.90188733
2015-11-15,319.92802162,667.16048150,245.43462511,-73.49345809,1068.80004883,0.29933384,175.36226243
2015-11-22,323.71696610,677.74761570,249.32941412,-73.89053978,1070.50000000,0.30239791,183.95243088
2015-11-29,371.70761251,688.47261611,253.27492127,-61.63679868,1054.19995117,0.35259688,292.37692774
2015-12-06,393.31912975,699.33688770,257.27166344,-57.55112655,1077.59997559,0.36499549,299.61782735
2015-12-13,434.40346639,710.34184586,261.32016130,-49.17725789,1078.00000000,0.40297168,341.04372023
2015-12-20,442.15399006,721.48891635,265.42093936,-48.96588009,1069.40002441,0.41345987,320.76730555
2015-12-27,422.70589451,732.77953540,269.57452599,-55.01682340,1060.09997559,0.39874154,269.38679815
2016-01-03,430.13618001,744.21514976,273.78145340,-54.82283166,1091.90002441,0.39393367,240.97517393
2016-01-10,448.58021625,755.79721670,278.04225772,-52.16855883,1087.50000000,0.41248756,248.08234955
2016-01-17,382.48208650,767.52720413,282.35747894,-69.64921045,1107.09997559,0.34548107,143.21856773
2016-01-24,403.44692665,779.40659058,286.72766099,-65.84879022,1116.09997559,0.36147920,158.81968428
2016-01-31,366.34168761,791.43686529,291.15335173,-77.02836396,1141.30004883,0.32098631,96.88253573
2016-02-07,375.15391759,803.61952824,295.63510296,-76.17895449,1194.69995117,0.31401518,83.52028861
2016-02-14,406.15066949,815.95609020,300.17347048,-69.76363446,1211.09997559,0.33535685,109.92051329
2016-02-21,438.71861268,828.44807280,304.76901406,-63.56959246,1238.69995117,0.35417666,131.34840799
2016-02-28,433.10226271,841.09700852,309.42229747,-66.37331297,1241.09997559,0.34896646,119.12162670
2016-03-06,403.70518746,853.90444083,314.13388850,-74.91344140,1256.59997559,0.32126786,77.55118923
2016-03-13,411.80588247,866.87192413,318.90435902,-74.43391636,1229.30004883,0.33499216,93.70553965
2016-03-20,412.05695383,880.00102391,323.73428490,-75.87614938,1223.69995117,0.33673038,92.66133090
2016-03-27,425.45495985,893.29331669,328.62424615,-74.17558990,1226.90002441,0.34677231,102.51676340
2016-04-03,420.07357890,906.75039017,333.57482682,-76.94373247,1222.50000000,0.34361847,94.51358216
2016-04-10,421.95448854,920.37384320,338.58661510,-77.98824776,1246.80004883,0.33842996,84.00283722
2016-04-17,429.33996873,934.16528586,343.66020332,-77.74043152,1253.19995117,0.34259495,86.33176988
2016-04-24,463.38287142,948.12633953,348.79618795,-71.59341144,1249.19995117,0.37094372,121.27127075
2016-05-01,455.01073115,962.25863690,353.99516960,-74.89622642,1273.30004883,0.35734761,98.42195050
2016-05-08,461.37887230,976.56382203,359.25775312,-74.98205519,1274.59997559,0.36197935,101.05718570
2016-05-15,460.85772063,991.04355044,364.58454751,-76.56691160,1273.69995117,0.36182597,97.14952712
2016-05-22,440.55866885,1005.69948907,369.97616603,-82.53949640,1223.50000000,0.36008064,91.12371794
2016-05-29,527.54971245,1020.53331644,375.43322615,-65.98375264,1211.90002441,0.43530795,189.65695286
2016-06-05,575.13763805,1035.54672262,380.95634962,-58.80754180,1259.80004883,0.45653089,208.42227480
2016-06-12,670.39237434,1050.74140929,386.54616246,-44.93881237,1285.80004883,0.52138151,273.85702590
2016-06-19,766.76713267,1066.11908982,392.20329498,-32.95971677,1268.00000000,0.60470594,335.61717915
2016-06-26,630.43424214,1081.68148930,397.92838181,-53.98631887,1323.90002441,0.47619475,175.33685247
2016-07-03,662.55008591,1097.43034459,403.72206189,-50.46305192,1364.90002441,0.48542023,176.80283441
2016-07-10,649.95934097,1113.36740438,409.58497854,-53.82345910,1342.40002441,0.48417709,166.74178793
2016-07-17,681.08960199,1129.49442922,415.51777943,-50.58315322,1318.80004883,0.51644645,191.34842422
2016-07-24,661.39397984,1145.81319159,421.52111661,-54.95201766,1326.59997559,0.49856324,163.73466173
2016-07-31,624.80448714,1162.32547594,427.59564655,-62.07392177,1356.09997559,0.46073630,118.88750626
2016-08-07,594.73232402,1179.03307874,433.74203013,-68.43385280,1344.30004883,0.44241040,95.88740053
2016-08-14,571.38706254,1195.93780854,439.96093268,-73.86190858,1342.69995117,0.42555082,74.93041260
2016-08-21,580.79219258,1213.04148601,446.25302399,-73.64930886,1324.40002441,0.43853230,85.59168838
2016-08-28,575.10523255,1230.34594399,452.61897832,-76.04976269,1306.90002441,0.44005297,84.16038176
2016-09-04,610.53891333,1247.85302754,459.05947444,-71.48377440,1344.30004883,0.45416863,96.48852383
2016-09-11,608.24667592,1265.56459402,465.57519561,-73.26931043,1321.50000000,0.46026990,100.29928021
2016-09-18,611.53346032,1283.48251307,472.16682966,-74.13627038,1326.90002441,0.46087380,98.16719585
2016-09-25,600.61005488,1301.60866676,478.83506895,-77.34103176,1319.40002441,0.45521452,88.73244336
2016-10-02,611.74857832,1319.94494954,485.58061041,-76.90239315,1265.19995117,0.48351929,121.23736880
2016-10-09,617.10104132,1338.49326836,492.40415558,-77.42670609,1251.09997559,0.49324679,131.45681676
2016-10-16,642.91304255,1357.25554271,499.30641058,-74.72104786,1267.90002441,0.50706919,146.98285194
2016-10-23,651.96195675,1376.23370464,506.28808618,-74.71196359,1264.80004883,0.51546642,154.84732979
2016-10-30,699.33341099,1395.42969883,513.34989780,-69.08300633,1306.80004883,0.53514951,174.56328192
2016-11-06,715.89687978,1414.84548266,520.49256551,-68.12394706,1272.59997559,0.56254667,200.13781690
2016-11-13,703.62643530,1434.48302623,527.71681406,-71.23122192,1223.40002441,0.57514012,205.85348460
2016-11-20,730.35081362,1454.34431243,535.02337293,-68.87854483,1189.09997559,0.61420472,240.51072904
2016-11-27,727.74111584,1474.43133698,542.41297630,-70.60822853,1170.80004883,0.62157592,232.03776436
2016-12-04,766.38013910,1494.74610851,549.88636309,-66.80333325,1175.00000000,0.65223842,247.72992373
2016-12-11,770.49615050,1515.29064856,557.44427700,-67.63278881,1161.30004883,0.66347724,240.32177494
2016-12-18,790.63296653,1536.06699167,565.08746650,-66.41466790,1131.09997559,0.69899477,254.95565949
2016-12-25,896.00327931,1557.07718545,572.81668484,-55.26216709,1139.40002441,0.78638166,304.26741635
2017-01-01,997.25735798,1578.32329056,580.63269012,-45.91094850,1163.80004883,0.85689750,322.64861883
2017-01-08,912.48499708,1599.80738086,588.53624525,-56.14668703,1195.59997559,0.76320259,228.23689463
2017-01-15,824.54706517,1621.53154335,596.52811801,-67.62921551,1211.30004883,0.68071248,156.72128501
2017-01-22,922.46707738,1643.49787834,604.60908105,-57.75304154,1197.30004883,0.77045606,211.10570108
2017-01-29,915.63202314,1665.70849939,612.77991191,-59.83912746,1205.59997559,0.75948245,192.27491600
2017-02-05,1014.56787575,1688.16553347,621.04139306,-50.91796726,1237.59997559,0.81978660,220.99038313
2017-02-12,1006.29646487,1710.87112091,629.39431188,-53.07259433,1231.69995117,0.81699806,206.27565230
2017-02-19,1058.78640035,1733.82741553,637.83946071,-49.32079968,1232.00000000,0.85940455,219.66549559
2017-02-26,1181.71086587,1757.03658466,646.37763688,-39.66653565,1248.90002441,0.94620133,254.05753416
2017-03-05,1276.27368293,1780.50080918,655.00964269,-33.29500312,1208.50000000,1.05608083,290.56745370
2017-03-12,1231.74835663,1804.22228361,663.73628544,-38.16950429,1200.09997559,1.02637145,252.48863860
2017-03-19,1020.22025354,1828.20321613,672.55837750,-58.33150966,1249.30004883,0.81663349,133.58528545
2017-03-26,962.95805459,1852.44582864,681.47673624,-65.42522606,1253.40002441,0.76827672,103.51869798
2017-04-02,1105.56295576,1876.95235683,690.49218414,-52.92947072,1245.40002441,0.88771715,160.84963909
2017-04-09,1213.63413980,1901.72505021,699.60554873,-44.91421158,1275.30004883,0.95164596,185.55928305
2017-04-16,1173.69137989,1926.76617218,708.81766269,-49.56892314,1281.40002441,0.91594456,159.76223391
2017-04-23,1250.00148323,1952.07800007,718.12936379,-44.57497083,1262.09997559,0.99041400,188.54242905
2017-04-30,1381.95637230,1977.66282520,727.54149496,-35.84155999,1246.40002441,1.10875830,232.76987033
2017-05-07,1526.26777171,2003.52295296,737.05490431,-27.20817170,1217.30004883,1.25381394,277.59961413
2017-05-14,1794.59355056,2029.66070279,746.67044511,-12.30900755,1257.50000000,1.42711217,317.67224878
2017-05-21,2045.22249316,2056.07840831,756.38897585,-0.52939010,1252.40002441,1.63304252,349.78870226
2017-05-28,2225.70086663,2082.77841735,766.21136026,6.63690823,1272.00000000,1.74976483,340.75375025
2017-06-04,2524.99383355,2109.76309197,776.13846728,17.96629581,1290.09997559,1.95720788,351.11338666
2017-06-11,2974.21455921,2137.03480857,786.17117114,33.05607257,1272.80004883,2.33674925,382.90309658
2017-06-18,2508.21420742,2164.59595789,796.31035135,14.73373093,1243.40002441,2.01722226,274.85924705
2017-06-25,2497.72894138,2192.44894511,806.55689273,13.03627367,1248.00000000,2.00138537,249.35432112
2017-07-02,2518.87218738,2220.59618988,816.91168540,12.60355428,1220.40002441,2.06397258,242.49737767
2017-07-09,2506.17321356,2249.04012635,827.37562485,10.82534589,1218.09997559,2.05744460,224.48478769
2017-07-16,1910.74954161,2277.78320329,837.94961194,-17.57070955,1241.19995117,1.53943733,118.76036530
2017-07-23,2753.24386493,2306.82788408,848.63455287,17.69064333,1249.00000000,2.20435858,229.59447389
2017-07-30,2749.38452770,2336.17664680,859.43135930,16.28613971,1271.80004883,2.16180565,208.08793655
2017-08-06,3230.11670894,2365.83198427,870.34094828,31.13885189,1273.00000000,2.53740511,252.67832448
2017-08-13,4063.80105272,2395.79640411,881.36424230,52.84030521,1276.90002441,3.18255226,318.29234820
2017-08-20,4085.81039433,2426.07242879,892.50216934,52.12464263,1288.90002441,3.16999792,285.40974266
2017-08-27,4344.90344477,2456.66259569,903.75566285,57.01997759,1308.09997559,3.32153775,277.94119809
2017-09-03,4625.29631444,2487.56945716,915.12566178,62.02343248,1333.90002441,3.46749849,270.34766387
2017-09-10,4261.84352104,2518.79558056,926.61311060,52.59209750,1323.40002441,3.22037437,224.00297342
2017-09-17,3711.85620397,2550.34354831,938.21895935,37.53040011,1312.00000000,2.82915869,169.65579546
2017-09-24,3676.89694418,2582.21595798,949.94416361,35.34212460,1283.40002441,2.86496562,165.56539409
2017-10-01,4382.08689801,2614.41542230,961.78968455,51.64845470,1273.69995117,3.44043893,215.72067433
2017-10-08,4600.73979661,2646.94456926,973.75648895,55.28111339,1285.80004883,3.57811450,216.01103870
2017-10-15,5689.86505961,2679.80604212,985.84554922,75.29421129,1279.90002441,4.44555430,278.14420015
2017-10-22,5996.59813881,2713.00249951,998.05784342,79.31363766,1275.40002441,4.70173908,275.34991138
2017-10-29,6174.72884483,2746.53661543,1010.39435524,81.01242644,1274.09997559,4.84634563,263.81443226
2017-11-05,7371.13902981,2780.41107937,1022.85607411,97.49734567,1281.59997559,5.75151309,303.88850774
2017-11-12,5829.09782759,2814.62859632,1035.44399512,72.80319263,1276.50000000,4.56646912,199.38066754
2017-11-19,8018.32068849,2849.19188684,1048.15911912,103.46936039,1291.59997559,6.20805268,290.72681827
2017-11-26,9319.90331473,2884.10368712,1061.00245270,117.29380834,1282.09997559,7.26924849,320.86160123
2017-12-03,11213.94265546,2919.36674902,1073.97500820,134.57911580,1262.80004883,8.88022032,359.33229066
2017-12-10,15474.99954325,2954.98384014,1087.07780378,165.57326069,1245.40002441,12.42572606,433.53026682
2017-12-17,19250.46765079,2990.95774388,1100.31186338,186.19417022,1266.09997559,15.20453994,434.13125891
2017-12-24,14026.34686616,3027.29125947,1113.67821680,153.32692341,1287.00000000,10.89848241,258.82106339
2017-12-31,13921.48064144,3063.98720208,1127.17789966,151.37159422,1316.19995117,10.57702565,230.32516087
2018-01-07,16231.69499942,3101.04840279,1140.81195346,165.52255635,1317.40002441,12.32100706,260.25836524
2018-01-14,13681.06546113,3138.47770874,1154.58142562,147.22749175,1338.00000000,10.22501156,187.91683830
2018-01-21,11422.39425891,3176.27798312,1168.48736944,127.98657714,1355.90002441,8.42421569,131.14806638
2018-01-28,11615.95871128,3214.45210525,1182.53084415,128.47229787,1339.00000000,8.67509986,132.52307935
2018-02-04,8250.52689597,3253.00297065,1196.71291497,93.06985038,1311.59997559,6.29042928,63.46610159
2018-02-11,8096.72848130,3291.93349106,1211.03465307,89.99850095,1355.50000000,5.97324123,52.11546358
2018-02-18,10452.09197721,3331.24659454,1225.49713560,114.34555609,1330.00000000,7.85871577,101.05530579
2018-02-25,9603.22747750,3370.94522549,1240.10144577,104.69060502,1315.50000000,7.30005890,82.13533245
2018-03-04,11462.58319755,3411.03234473,1254.84867280,121.20731099,1326.00000000,8.64448205,115.22792540
2018-03-11,9513.53539977,3451.51092953,1269.73991195,101.39034777,1324.40002441,7.18327939,71.42507086
2018-03-18,8189.01671917,3492.38397372,1284.77626461,85.22092419,1320.69995117,6.20051262,41.35270966
2018-03-25,8440.61092256,3533.65448769,1299.95883822,87.07220891,1324.19995117,6.37412116,43.68120223
2018-04-01,6804.52487931,3575.32549846,1315.28874638,64.35315938,1335.80004883,5.09396963,4.77617300
2018-04-08,7009.99610432,3617.40004978,1330.76710880,66.15815958,1356.50000000,5.16770815,4.62395780
2018-04-15,8342.27110140,3659.88120210,1346.39505138,82.39048052,1351.19995117,6.17397232,31.64006431
2018-04-22,8800.95908708,3702.77203275,1362.17370619,86.57789655,1321.19995117,6.66133773,43.47250261
2018-04-29,9396.99762975,3746.07563586,1378.10421151,91.96814422,1302.59997559,7.21403179,57.29447508
2018-05-06,9595.08681940,3789.79512254,1394.18771183,92.89392176,1311.30004883,7.31723211,57.58492736
2018-05-13,8695.83309380,3833.93362085,1410.42535793,81.89526250,1290.19995117,6.73991119,37.09757879
2018-05-20,8511.44883022,3878.49427590,1426.81830681,78.59651733,1289.30004883,6.60160437,30.19018692
2018-05-27,7338.19304442,3923.48024991,1443.36772178,62.61135543,1301.50000000,5.63825820,-2.86605131
2018-06-03,7702.15793308,3968.89472223,1460.07477248,66.30128922,1297.09997559,5.93798325,4.40483860
2018-06-10,6744.73580099,4014.74088945,1476.94063486,51.87895096,1296.90002441,5.20065978,-21.83023327
2018-06-17,6450.69397282,4061.02196542,1493.96649122,46.27530601,1271.19995117,5.07449199,-28.40059710
2018-06-24,6146.48719492,4107.74118132,1511.15353026,40.30074443,1252.80004883,4.90619968,-36.53469404
2018-07-01,6361.40253887,4154.90178571,1528.50294705,42.59600876,1251.59997559,5.08261638,-33.03273572
2018-07-08,6704.91998013,4202.50704462,1546.01594309,46.71603197,1242.80004883,5.39501104,-24.84663413
2018-07-15,6347.60427382,4250.56024155,1563.69372633,40.10266662,1226.30004883,5.17622443,-35.97595353
2018-07-22,7399.48374693,4299.06467760,1581.53751115,54.30127516,1231.40002441,6.00900081,-8.52586371
2018-07-29,8229.60583869,4348.02367146,1599.54851846,63.80167068,1217.90002441,6.75720968,16.33930072
2018-08-05,7031.58775102,4397.44055950,1617.72797561,46.93898533,1212.59997559,5.79876950,-22.90357921
2018-08-12,6314.69165576,4447.31869586,1636.07711654,35.05775530,1177.50000000,5.36279546,-41.99473306
2018-08-19,6490.71612712,4497.66145243,1654.59718170,36.68152833,1196.30004883,5.42565900,-41.83744404
2018-08-26,6689.86933314,4548.47221899,1673.28941811,38.58029417,1204.50000000,5.55406337,-38.98136667
2018-09-02,7286.66779106,4599.75440322,1692.15507938,46.00434369,1194.90002441,6.09814013,-19.30749648
2018-09-09,6249.24631034,4651.51143078,1711.19542576,29.52686605,1204.69995117,5.18738820,-59.14561236
2018-09-16,6497.40470134,4703.74674533,1730.41172408,32.30434495,1202.19995117,5.40459571,-53.32285496
2018-09-23,6703.13684950,4756.46380867,1749.80524789,34.30711085,1194.00000000,5.61401746,-47.78559750
2018-09-30,6604.48502835,4809.66610071,1769.37727735,31.71213040,1198.30004883,5.51154532,-54.94436326
2018-10-07,6564.56826008,4863.35711958,1789.12909937,29.99577769,1189.30004883,5.51969057,-57.18309118
2018-10-14,6182.87934424,4917.54038167,1809.06200755,22.89755932,1223.69995117,5.05261060,-79.18930755
2018-10-21,6415.34050292,4972.21942172,1829.17730225,25.48257717,1227.80004883,5.22506943,-72.09510985
2018-10-28,6406.63325307,5027.39779284,1849.47629057,24.24313866,1212.30004883,5.28469273,-69.97712625
2018-11-04,6420.42200029,5083.07906656,1869.96028644,23.35666542,1226.19995117,5.23603185,-71.55283535
2018-11-11,6335.41420397,5139.26683297,1890.63061054,20.92447653,1207.90002441,5.24498226,-72.11317867
2018-11-18,5555.37633840,5195.96470066,1911.48859043,6.68838633,1225.80004883,4.53204121,-102.30796516
2018-11-25,3946.85087434,5253.17629691,1932.53556048,-28.59148887,1221.40002441,3.23141542,-154.14681591
2018-12-02,4098.74676388,5310.90526762,1953.77286197,-25.90810446,1237.09997559,3.31318959,-144.09305107
2018-12-09,3540.43957598,5369.15527748,1975.20184304,-41.64196987,1244.40002441,2.84509764,-163.15440677
2018-12-16,3195.41455523,5427.93000996,1996.82385878,-52.98410170,1252.09997559,2.55204426,-192.56191494
2018-12-23,3942.66699591,5487.23316740,2018.64027120,-33.05667549,1269.19995117,3.10641912,-161.42082029
2018-12-30,3825.40746289,5547.06847106,2040.65244927,-37.16045969,1281.00000000,2.98626656,-166.27199706
2019-01-06,4045.99377499,5607.43966118,2062.86176896,-32.63670268,1289.30004883,3.13813203,-167.56259221
2019-01-13,3508.67010812,5668.35049706,2085.26961322,-47.96610787,1291.59997559,2.71653002,-196.12091726
2019-01-20,3538.31372297,5729.80475706,2107.87737205,-48.20311921,1283.09997559,2.75762902,-186.61195313
2019-01-27,3537.61413063,5791.80623877,2130.68644249,-49.29916757,1309.90002441,2.70067491,-185.65927269
2019-02-03,3413.02161631,5854.35875894,2153.69822865,-53.95884674,1309.50000000,2.60635480,-181.94558308
2019-02-10,3642.02235915,5917.46615363,2176.91414175,-48.53692221,1310.80004883,2.77847286,-162.00104470
2019-02-17,3622.75742899,5981.13227827,2200.33560010,-50.13744376,1343.30004883,2.69690858,-161.72174191
2019-02-24,3754.18378989,6045.36100765,2223.96402917,-47.64203069,1317.69995117,2.84904298,-145.82351812
2019-03-03,3782.38187025,6110.15623605,2247.80086159,-47.95984078,1284.90002441,2.94371686,-137.89432568
2019-03-10,3903.91195091,6175.52187728,2271.84753715,-45.86142787,1307.50000000,2.98578352,-130.40598886
2019-03-17,3967.14349445,6241.46186472,2296.10550289,-45.31681152,1300.50000000,3.05047558,-120.90542216
2019-03-24,3970.66698802,6307.98015142,2320.57621303,-46.28814349,1309.90002441,3.03127484,-117.61102159
2019-03-31,4094.31781473,6375.08071013,2345.26112906,-44.27966378,1289.90002441,3.17413578,-103.91384215
2019-04-07,5189.11195558,6442.76753335,2370.16171977,-21.63956133,1309.09997559,3.96387751,-47.20055745
2019-04-14,5156.80404062,6511.04463345,2395.27946120,-23.31828937,1272.19995117,4.05345405,-38.49917712
2019-04-21,5295.73382817,6579.91604267,2420.61583673,-21.71204274,1275.50000000,4.15188854,-28.75766568
2019-04-28,5148.66961543,6649.38581320,2446.17233709,-25.57861373,1281.40002441,4.01800337,-35.19610101
2019-05-05,5728.35170222,6719.45801725,2471.95046036,-15.95796708,1279.40002441,4.47737345,3.17934317
2019-05-12,6942.62317452,6790.13674711,2497.95171201,2.22086013,1296.30004883,5.35572237,75.62769829
2019-05-19,8219.74278697,6861.42611521,2524.17760490,18.06236088,1273.59997559,6.45394389,164.30243360
2019-05-26,8731.52495587,6933.33025418,2550.62965936,23.05997806,1280.59997559,6.81830792,186.84740057
2019-06-02,8744.35374547,7005.85331689,2577.30940315,22.16622181,1328.30004883,6.58311633,165.20587443
2019-06-09,7634.06575073,7078.99947657,2604.21837149,7.54879863,1331.90002441,5.73171080,98.11323352
2019-06-16,9019.51700672,7152.77292679,2631.35810713,23.18906823,1344.59997559,6.70795565,166.25801862
2019-06-23,10794.42769638,7227.17788161,2658.73016033,40.11814215,1411.59997559,7.64694523,221.28156233
2019-06-30,10842.61671099,7302.21857558,2686.33608889,39.53061444,1417.69995117,7.64803349,208.65254579
2019-07-07,11456.18360392,7377.89926380,2714.17745819,44.00406915,1410.09997559,8.12437685,225.99978866
2019-07-14,10283.07578913,7454.22422204,2742.25584117,32.17185352,1421.30004883,7.23497885,161.66314466
2019-07-21,10589.70649077,7531.19774674,2770.57281842,34.08283511,1422.80004883,7.44286346,169.30841925
2019-07-28,9529.78879193,7608.82415510,2799.12997815,22.51139082,1426.09997559,6.68241284,122.49891728
2019-08-04,10986.50892911,7687.10778514,2827.92891622,35.71234471,1507.30004883,7.28886656,155.19391791
2019-08-11,11530.19524226,7766.05299577,2856.97123619,39.52072122,1515.90002441,7.60617129,167.29779880
2019-08-18,10331.30997604,7845.66416683,2886.25854931,27.52180441,1504.59997559,6.86648288,120.36740966
2019-08-25,10100.35677838,7925.94569918,2915.79247457,24.24291040,1537.80004883,6.56805596,100.98399685
2019-09-01,9762.93655690,8006.90201473,2945.57463869,19.82893103,1550.30004883,6.29744969,84.95249879
2019-09-08,10407.26565739,8088.53755655,2975.60667620,25.20562401,1494.40002441,6.96417658,119.82317822
2019-09-15,10306.16966745,8170.85678887,3005.89022938,23.21689393,1507.50000000,6.83659679,109.76979131
2019-09-22,10047.01347487,8253.86419721,3036.42694837,19.65939454,1504.59997559,6.67753133,98.85665004
2019-09-29,8064.50806236,8337.56428838,3067.21849114,-3.32984089,1501.00000000,5.37275687,26.08171530
2019-10-06,7854.60981297,8421.96159059,3098.26652352,-6.97421724,1506.09997559,5.21519815,17.61283467
2019-10-13,8291.25065143,8507.06065351,3129.57271922,-2.56956634,1488.00000000,5.57207705,36.98173543
2019-10-20,8213.70903928,8592.86604827,3161.13875990,-4.51277374,1489.90002441,5.51292631,33.33945773
2019-10-27,9558.15604401,8679.38236763,3192.96633512,9.64444557,1493.19995117,6.40112266,81.25466084
2019-11-03,9209.63869608,8766.61422594,3225.05714241,4.92999513,1490.19995117,6.18013622,67.69040493
2019-11-10,9042.89072320,8854.56625928,3257.41288728,2.10456061,1461.69995117,6.18655745,66.76746874
2019-11-17,8505.16122326,8943.24312548,3290.03528326,-5.02251072,1473.30004883,5.77286428,42.62717126
2019-11-24,6943.38065605,9032.64950418,3322.92605190,-26.30569536,1453.40002441,4.77733627,-13.87515350
2019-12-01,7417.72720602,9122.79009693,3356.08692278,-20.69029852,1474.00000000,5.03237938,-1.57085550
2019-12-08,7528.94026943,9213.66962723,3389.51963360,-20.19339129,1469.40002441,5.12381934,1.11225787
2019-12-15,7111.28666996,9305.29284059,3423.22593013,-26.89001672,1472.59997559,4.82906885,-18.51564292
2019-12-22,7479.40240789,9397.66450459,3457.20756627,-22.83083046,1499.09997559,4.98926191,-11.47636901
2019-12-29,7391.57852139,9490.78940898,3491.46630405,-24.99804779,1519.50000000,4.86448076,-21.28916858
2020-01-05,7345.53069182,9584.67236570,3526.00391370,-26.60731348,1557.40002441,4.71653434,-32.41890218
2020-01-12,8164.54999316,9679.31820895,3560.82217363,-17.01898551,1552.09997559,5.26032480,-2.44365628
2020-01-19,8687.35483665,9774.73179529,3595.92287045,-11.79321664,1555.30004883,5.58564558,14.75627313
2020-01-26,8573.87480959,9870.91800367,3631.30779904,-14.08730917,1569.80004883,5.46176235,3.58248500
2020-02-02,9339.38706312,9967.88173550,3666.97876252,-6.51274724,1557.80004883,5.99524122,35.44076989
2020-02-09,10151.08320269,10065.62791471,3702.93757230,0.84539762,1567.40002441,6.47638321,65.12990165
2020-02-16,9952.04661157,10164.16148785,3739.18604813,-2.10897339,1607.50000000,6.19100878,42.10985879
2020-02-23,9972.84242309,10263.48742410,3775.72601805,-2.87270459,1640.00000000,6.08100148,30.82971634
2020-03-01,8541.77389392,10363.61071536,3812.55931849,-19.33319986,1641.09997559,5.20490770,-40.26726805
2020-03-08,8109.61454115,10464.53637635,3849.68779425,-25.49417144,1641.40002441,4.94066920,-66.85744976
2020-03-15,5358.61066335,10566.26944460,3887.11329854,-67.89620626,1477.30004883,3.62730013,-179.03192797
2020-03-22,5830.56097960,10668.81498056,3924.83769301,-60.42117796,1632.30004883,3.57199094,-187.95017448
2020-03-29,5904.85758679,10772.17806770,3962.86284774,-60.11913735,1578.19995117,3.74151424,-177.72884302
2020-04-05,6790.81247265,10876.36381248,4001.19064131,-47.10213855,1665.40002441,4.07758639,-149.14326162
2020-04-12,6978.66628662,10981.37734450,4039.82296079,-45.33430473,1727.19995117,4.04045072,-152.30838373
2020-04-19,7150.24421546,11087.22381653,4078.76170177,-43.86469257,1728.69995117,4.13619738,-143.88390043
2020-04-26,7684.06852168,11193.90840458,4118.00876840,-37.62205756,1703.40002441,4.51101821,-113.31053736
2020-05-03,8896.79563840,11301.43630795,4157.56607340,-23.92386533,1684.19995117,5.28250558,-47.24402977
2020-05-10,8715.03329322,11409.81274934,4197.43553810,-26.94242535,1713.90002441,5.08491345,-64.22586191
2020-05-17,9682.53248118,11519.04297486,4237.61909242,-17.36780897,1750.59997559,5.53097944,-23.07075126
2020-05-24,8806.23065716,11629.13225411,4278.11867495,-27.80538509,1710.30004883,5.14893902,-54.54586058
2020-05-31,9433.94384664,11740.08588030,4318.93623295,-21.86948969,1704.80004883,5.53375386,-18.35514967
2020-06-07,9747.58011105,11851.90917022,4360.07372235,-19.54699055,1720.69995117,5.66489242,-6.43095277
2020-06-14,9342.95563530,11964.60746439,4401.53310783,-24.73302625,1735.59997559,5.38312731,-29.70538464
2020-06-21,9284.76937183,12078.18612707,4443.31636279,-26.30256705,1775.09997559,5.23056138,-40.50129276
2020-06-28,9108.06567458,12192.65054637,4485.42546940,-29.16729972,1779.90002441,5.11717824,-48.08239367
2020-07-05,9079.61401809,12308.00613428,4527.86241861,-30.42182732,1820.59997559,4.98715486,-58.05670016
2020-07-12,9289.09797691,12424.25832675,4570.62921022,-29.08094262,1813.80004883,5.12134619,-41.33664408
2020-07-19,9218.84231081,12541.41258376,4613.72785281,-30.77867082,1865.09997559,4.94281402,-57.21931615
2020-07-26,9933.90655424,12659.47438937,4657.16036389,-24.24520884,1953.40002441,5.08544406,-38.90656603
2020-08-02,11094.02068413,12778.44925182,4700.92876980,-14.13538137,2049.30004883,5.41356581,1.58777487
2020-08-09,11680.51736616,12898.34270354,4745.03510582,-9.91765591,1949.00000000,5.99308228,77.04846910
2020-08-16,11899.64275359,13019.16030128,4789.48141615,-8.99137628,1970.30004883,6.03950792,87.07699543
2020-08-23,11665.60927352,13140.90762612,4834.26975398,-11.90849492,1952.50000000,5.97470385,81.70294755
2020-08-30,11698.97583296,13263.59028359,4879.40218146,-12.55214062,1944.69995117,6.01582564,88.36214537
2020-09-06,10253.29989801,13387.21390369,4924.88076973,-26.67004701,1954.90002441,5.24492290,-7.91220206
2020-09-13,10322.52361485,13511.78414098,4970.70759901,-26.92339375,1970.50000000,5.23853013,-4.80935664
2020-09-20,10921.21809982,13637.30667463,5016.88475855,-22.21016633,1868.40002441,5.84522477,86.66023458
2020-09-27,10758.82428995,13763.78720851,5063.41434667,-24.63147458,1895.50000000,5.67598222,60.69452126
2020-10-04,10665.61862244,13891.23147125,5110.29847082,-26.42324565,1890.80004883,5.64079667,54.17961099
2020-10-11,11378.26252846,14019.64521628,5157.53924759,-20.87548363,1907.30004883,5.96563846,99.78426146
2020-10-18,11489.62256505,14149.03422194,5205.13880268,-20.82021266,1929.50000000,5.95471499,96.19273677
2020-10-25,13041.64103746,14279.40429152,5253.09927103,-9.06708447,1879.19995117,6.93999648,229.80976585
2020-11-01,13736.89941128,14410.76125332,5301.42279673,-4.78896369,1896.19995117,7.24443612,255.53187395
2020-11-08,15500.00070719,14543.11096074,5350.11153313,6.37226615,1861.59997559,8.32617152,348.14362960
2020-11-15,15986.75499059,14676.45929233,5399.16764284,8.55157649,1873.90002441,8.53127423,326.30132729
2020-11-22,18482.69263174,14810.81215187,5448.59329773,22.14772959,1805.50000000,10.23688321,407.29859770
2020-11-29,18190.86688042,14946.17546843,5498.39067898,19.64642028,1830.19995117,9.93927842,331.39765135
2020-12-06,19356.31367680,15082.55519642,5548.56197710,24.94798635,1838.50000000,10.52831856,327.85339074
2020-12-13,19156.08250555,15219.95731571,5599.10939196,23.00127416,1859.09997559,10.30395501,281.65242551
2020-12-20,23528.55061356,15358.38783162,5650.03513279,42.65528401,1878.09997559,12.52784778,357.74018138
2020-12-27,26430.85659719,15497.85277506,5701.34141825,53.38306544,1893.40002441,13.95946776,366.96247541
2021-01-03,33277.83530508,15638.35820256,5753.03047640,75.51648136,1908.59997559,17.43573076,420.84491794
2021-01-10,38329.34016657,15779.91019634,5805.10454476,88.74780403,1854.90002441,20.66383075,427.38069363
2021-01-17,36069.93946680,15922.51486439,5857.56587036,81.77256799,1866.50000000,19.32490730,334.63739513
2021-01-24,32216.10429047,16066.17834053,5910.41670968,69.57501226,1844.90002441,17.46224937,259.45959997
2021-01-31,33157.83257452,16210.90678447,5963.65932875,71.55946915,1835.09997559,18.06867910,251.84288926
2021-02-07,39003.01218177,16356.70638190,6017.29600318,86.90008891,1842.69995117,21.16623065,290.87802875
2021-02-14,48829.82750964,16503.58334453,6071.32901811,108.47638159,1772.80004883,27.54390014,362.10065811
2021-02-21,57500.71611029,16651.54391019,6125.76066832,123.92944624,1797.90002441,31.98215436,372.18233505
2021-02-28,45359.46416423,16800.59434285,6180.59325820,99.32045831,1715.80004883,26.43633458,259.23263675
2021-03-07,51086.46817943,16950.74093276,6235.82910179,110.32081058,1721.80004883,29.67038374,277.63869320
2021-03-14,59905.61847049,17101.98999644,6291.47052281,125.35754674,1727.09997559,34.68566922,307.40494160
2021-03-21,57447.93301987,17254.34787681,6347.51985470,120.28148623,1733.19995117,33.14558888,263.01354488
2021-03-28,55713.03813968,17407.82094323,6403.97944061,116.32946127,1713.80004883,32.50848206,236.55222702
2021-04-04,58202.19939199,17562.41559156,6460.85163344,119.81620034,1741.59997559,33.41881041,229.09842695
2021-04-11,59932.93064699,17718.13824424,6518.13879589,121.86372400,1736.30004883,34.51761157,224.14540554
2021-04-18,56389.55798130,17874.99535039,6575.84330044,114.88811707,1793.09997559,31.44808363,182.77955976
2021-04-25,48946.94074284,18032.99338581,6633.96752942,99.85338235,1773.90002441,27.59284067,138.71521554
2021-05-02,56572.59684103,18192.13885311,6692.51387499,113.45351436,1784.30004883,31.70576433,169.79061578
2021-05-09,58288.42563039,18352.43828174,6751.48473922,115.56411004,1822.80004883,31.97741061,164.09176419
2021-05-16,46022.50370900,18513.89822810,6810.88253406,91.06087823,1881.50000000,24.46053878,90.60869913
2021-05-23,34774.20722192,18676.52527555,6870.70968139,62.16085378,1901.19995117,18.29066280,31.13210905
2021-05-30,35652.16877031,18840.32603454,6930.96861307,63.78104056,1909.90002441,18.66703404,32.50627608
2021-06-06,35720.60435465,19005.30714264,6991.66177093,63.10094116,1895.50000000,18.84495086,32.01779128
2021-06-13,38925.41942899,19171.47526462,7052.79160678,70.82239819,1861.40002441,20.91190444,49.11963021
2021-06-20,35599.94187843,19338.83709253,7114.36058251,61.02286467,1783.40002441,19.96183772,37.66520623
2021-06-27,34506.49119755,19507.39934575,7176.37117002,57.03536098,1771.59997559,19.47758618,30.64768117
2021-07-04,35355.60788837,19677.16877107,7238.82585134,58.59980007,1802.09997559,19.61911568,29.61737737
2021-07-11,34258.44138983,19848.15214276,7301.72711856,54.58220865,1825.00000000,18.77174871,18.92836594
2021-07-18,31707.70385272,20020.35626263,7365.07747395,45.98101060,1803.40002441,17.58218001,4.72214314
2021-07-25,35119.93743600,20193.78796014,7428.87942991,55.33939569,1799.69995117,19.51432927,21.74599895
2021-08-01,39968.96895441,20368.45409238,7493.13550903,67.41160409,1814.50000000,22.02753869,44.80568518
2021-08-08,43972.30101812,20544.36154426,7557.84824413,76.09733875,1753.30004883,25.07973524,73.37021736
2021-08-15,47074.37071011,20721.51722846,7623.02017823,82.05560666,1784.40002441,26.38106370,83.65376235
2021-08-22,49363.31609527,20899.92808560,7688.65386465,85.94618411,1791.00000000,27.56187387,92.57427585
2021-08-29,48948.34795792,21079.60108425,7754.75186699,84.24598192,1816.00000000,26.95393610,82.78513931
2021-09-05,51747.64385652,21260.54322100,7821.31675914,88.95259779,1793.50000000,28.85288199,99.69895401
2021-09-12,46180.61245640,21442.76152057,7888.35112536,76.71729360,1794.80004883,25.73022688,62.54567761
2021-09-19,47218.47399649,21626.26303586,7955.85756026,78.08767569,1778.80004883,26.54512745,68.63441754
2021-09-26,43131.29417738,21811.05484799,8023.83866884,68.18318723,1722.90002441,25.03412477,48.40895483
2021-10-03,48202.62291771,21997.14406642,8092.29706652,78.45008072,1761.80004883,27.35987148,72.73960994
2021-10-10,54701.27970222,22184.53782899,8161.23537918,90.24915521,1794.69995117,30.47934540,107.12726843
2021-10-17,61462.22237230,22373.24330200,8230.65624313,101.05569663,1784.90002441,34.43454621,151.54907401
2021-10-24,60865.44705231,22563.26768027,8300.56230522,99.23423817,1798.80004883,33.83669413,140.11587983
2021-10-31,61432.97006283,22754.61818724,8370.95622279,99.31785407,1763.90002441,34.82792064,148.70788993
2021-11-07,63043.82905903,22947.30207499,8441.84066374,101.06298109,1848.30004883,34.10908802,135.69700565
2021-11-14,65032.22565482,23141.32662436,8513.21830654,103.32628759,1870.19995117,34.77287314,140.96169654
2021-11-21,59032.62410175,23336.69914500,8585.09184025,92.80630499,1784.30004883,33.08447149,114.84918253
2021-11-28,57248.56969638,23533.42697544,8657.46396458,88.89808237,1784.30004883,32.08460916,98.33591796
2021-12-05,49327.09359994,23731.51748316,8730.33738986,73.16694797,1785.50000000,27.62648759,30.75808773
2021-12-12,50136.57225687,23930.97806466,8803.71483711,73.95769540,1764.50000000,28.41403925,39.42567145
2021-12-19,46876.42692402,24131.81614555,8877.59903808,66.39837830,1802.19995117,26.01066929,-3.03206194
2021-12-26,50798.30658591,24334.03918058,8951.99273520,73.59868596,1805.80004883,28.13063751,28.91007698
2022-01-02,47352.55775658,24537.65465377,9026.89868169,65.74119739,1825.09997559,25.94518568,-12.16426809
2022-01-09,41886.49855698,24742.67007842,9102.31964154,52.64342582,1827.30004883,22.92261667,-67.16153606
2022-01-16,43168.85966715,24949.09299722,9178.25838955,54.82819256,1843.19995117,23.42060591,-60.47418322
2022-01-23,36271.05026505,25156.93098232,9254.71771136,36.58864654,1829.69995117,19.82349633,-128.18360183
2022-01-30,37983.50638457,25366.19163538,9331.70040347,40.37347736,1810.30004883,20.98188442,-109.44203531
2022-02-06,42358.22517329,25576.88258765,9409.20927325,50.44737016,1836.59997559,23.06339199,-71.75233384
2022-02-13,42195.59474518,25789.01150007,9487.24713901,49.23673353,1871.50000000,22.54640382,-79.16705471
2022-02-20,38551.62249679,26002.58606328,9565.81682997,39.38021902,1910.40002441,20.17986914,-118.49647751
2022-02-27,37664.77928288,26217.61399776,9644.92118635,36.22939464,1922.30004883,19.59360054,-124.97512453
2022-03-06,38399.34262683,26434.10305386,9724.56305932,37.33853815,1988.19995117,19.31362216,-124.93033050
2022-03-13,37808.31740041,26652.06101188,9804.74531112,34.96626316,1909.19995117,19.80322563,-112.13893294
2022-03-20,41294.72351292,26871.49568215,9885.47081499,42.96686471,1937.30004883,21.31560547,-81.25557040
2022-03-27,46777.20562653,27092.41490509,9966.74245527,54.61422291,1933.50000000,24.19302075,-25.62013080
2022-04-03,46440.54385389,27314.82655129,10048.56312738,53.07432158,1923.09997559,24.14879333,-23.60428745
2022-04-10,42264.46339100,27538.73852158,10130.93573788,42.83529371,1984.69995117,21.29514004,-75.18011213
2022-04-17,39704.78397984,27764.15874710,10213.86320448,35.77257485,1955.59997559,20.30312154,-91.07315397
2022-04-24,39511.64569287,27991.09518939,10297.34845605,34.47090255,1888.69995117,20.92002262,-76.12988138
2022-05-01,38459.22697913,28219.55584043,10381.39443268,30.95834335,1868.80004883,20.57963719,-79.59122923
2022-05-08,34058.90668615,28449.54872274,10466.00408570,17.99592767,1853.69995117,18.37347337,-119.26665431
2022-05-15,31182.62124605,28681.08188943,10551.18037768,8.36231905,1815.90002441,17.17199231,-137.93967699
2022-05-22,30331.87514173,28914.16342430,10636.92628247,4.78675855,1846.30004883,16.42846468,-150.47301468
2022-05-29,29430.06898001,29148.80144189,10723.24478526,0.96031111,1848.69995117,15.91933237,-157.23824342
2022-06-05,29915.40930099,29385.00408756,10810.13888255,1.78892297,1856.50000000,16.11387520,-150.56158714
2022-06-12,26830.28394565,29622.77953755,10897.61158222,-9.90123968,1819.59997559,14.74515515,-169.92002485
2022-06-19,20492.29516832,29862.13599909,10985.66590353,-37.65423533,1838.40002441,11.14680967,-222.98670644
2022-06-26,21066.62094302,30103.08171043,11074.30487717,-35.69377069,1817.50000000,11.59098814,-204.67242131
2022-07-03,19276.51466394,30345.62494094,11163.53154527,-45.37648555,1736.50000000,11.10078587,-202.52169200
2022-07-10,20831.27339158,30589.77399117,11253.34896143,-38.42103838,1735.50000000,12.00303854,-180.56636400
2022-07-17,20827.88860859,30835.53719293,11343.76019076,-39.23749427,1700.19995117,12.25025833,-171.27439077
2022-07-24,22653.35702601,31082.92290935,11434.76830987,-31.63505118,1719.09997559,13.17745178,-151.80992586
2022-07-31,23356.17222151,31331.93953499,11526.37640695,-29.37767255,1776.40002441,13.14803642,-146.49568990
2022-08-07,23153.65847136,31582.59549584,11618.58758176,-31.04533920,1813.69995117,12.76598064,-145.70337217
2022-08-14,24314.20213150,31834.89924950,11711.40494566,-26.95025192,1776.69995117,13.68503563,-126.90659492
2022-08-21,21553.99617171,32088.85928514,11804.83162165,-39.79476706,1761.50000000,12.23616019,-141.59996526
2022-08-28,19673.54121888,32344.48412366,11898.87074439,-49.71688525,1726.19995117,11.39702339,-146.83138775
2022-09-04,19961.91189071,32601.78231772,11993.52546024,-49.05409068,1727.80004883,11.55336921,-138.62111780
2022-09-11,21732.77056867,32860.76245182,12088.79892724,-41.34580295,1709.09997559,12.71591532,-117.69507320
2022-09-18,19427.10026265,33121.43314238,12184.69431521,-53.35115877,1675.69995117,11.59342414,-127.80667141
2022-09-25,18793.15615313,33383.80303781,12281.21480573,-57.45780742,1670.00000000,11.25338692,-127.15930540
2022-10-02,19015.29280508,33647.88081860,12378.36359215,-57.07065370,1720.80004883,11.05026282,-124.73004943
2022-10-09,19428.36713238,33913.67519736,12476.14387967,-55.70841098,1677.50000000,11.58173898,-113.37932798
2022-10-16,19261.74978784,34181.19491891,12574.55888534,-57.35543836,1634.19995117,11.78665424,-107.61448379
2022-10-23,19565.41232437,34450.44876039,12673.61183808,-56.57586938,1669.19995117,11.72143116,-105.60827074
2022-10-30,20616.70337668,34721.44553127,12773.30597871,-52.12559321,1650.00000000,12.49497174,-92.37724430
2022-11-06,20946.80303594,34994.19407345,12873.64455999,-51.31961291,1713.69995117,12.22314503,-94.32259848
2022-11-13,16320.49833752,35268.70326137,12974.63084664,-77.05740931,1775.80004883,9.19050450,-140.43485424
2022-11-20,16246.84469930,35544.98200203,13076.26811536,-78.29002755,1745.59997559,9.30731263,-137.24123774
2022-11-27,16436.07076885,35823.03923510,13178.55965487,-77.91128837,1746.00000000,9.41355714,-134.29782651
2022-12-04,17121.71498247,36102.88393297,13281.50876594,-74.60252096,1798.00000000,9.52264460,-128.77237018
2022-12-11,17094.36065926,36384.52510085,13385.11876139,-75.53949265,1818.69995117,9.39921984,-128.36004918
2022-12-18,16776.11592548,36667.97177682,13489.39296615,-78.19474666,1825.40002441,9.19037784,-128.52603796
2022-12-25,16824.83897370,36953.23303193,13594.33471726,-78.67968362,1815.80004883,9.26579938,-125.24429040
2023-01-01,16606.75204325,37240.31797024,13699.94736394,-80.75826285,1859.00000000,8.93316409,-128.93647855
2023-01-08,17059.23994448,37529.23572894,13806.23426755,-78.84282595,1878.90002441,9.07937608,-121.74408241
2023-01-15,20876.00855611,37819.99547838,13913.19880169,-59.42373600,1907.00000000,10.94704172,-79.84230852
2023-01-22,22716.27719667,38112.60642218,14020.84435218,-51.74633800,1942.59997559,11.69374935,-61.04992483
2023-01-29,23774.99636791,38407.07779728,14129.17431709,-47.96073046,1942.80004883,12.23749010,-46.50396972
2023-02-05,22957.22519053,38703.41887403,14238.19210680,-52.22952291,1890.69995117,12.14218320,-45.55589740
2023-02-12,21772.13732525,39001.63895625,14347.90114400,-58.29726218,1845.30004883,11.79869764,-50.36808068
2023-02-19,24366.99076067,39301.74738133,14458.30486370,-47.80396018,1841.50000000,13.23214269,-13.83759175
2023-02-26,23542.09642811,39603.75352028,14569.40671333,-52.01337436,1845.40002441,12.75717791,-22.50157312
2023-03-05,22419.81713910,39907.66677782,14681.21015268,-57.66231938,1818.59997559,12.32806414,-30.25408853
2023-03-12,22065.98003594,40213.49659245,14793.71865398,-60.01656178,1931.30004883,11.42545409,-49.80486852
2023-03-19,28185.20433197,40521.25243653,14906.93570192,-36.30294168,1949.59997559,14.45691664,32.00940744
2023-03-26,28049.39169112,40830.94381635,15020.86479366,-37.54732757,1966.90002441,14.26071043,34.83934462
2023-04-02,28161.99803624,41142.58027220,15135.50943889,-37.90701198,2035.59997559,13.83474080,31.59569200
2023-04-09,28357.80727031,41456.17137845,15250.87315981,-37.97343768,2024.90002441,14.00454686,44.99759654
2023-04-16,30312.93085330,41771.72674365,15366.95949122,-32.06453347,2007.30004883,15.10134515,92.85681878
2023-04-23,27604.68557423,42089.25601057,15483.77198049,-42.18069810,1996.00000000,13.83000279,55.77846012
2023-04-30,29362.08679749,42408.76885629,15601.31418762,-36.76508761,2037.00000000,14.41437742,95.31507600
2023-05-07,28761.73843425,42730.27499227,15719.58968526,-39.58617079,2037.09997559,14.11896263,92.00587229
2023-05-14,26918.26159790,43053.78416444,15838.60205873,-46.96452025,1984.90002441,13.56152011,71.54782159
2023-05-21,26777.09778317,43379.30615328,15958.35490607,-48.24355488,1964.59997559,13.62979646,81.63041376
2023-05-28,28097.52112595,43706.85077386,16078.85183805,-44.18235018,1963.90002441,14.30700177,124.55819147
2023-06-04,27158.25456955,44036.42787594,16200.09647819,-48.33361618,1958.40002441,13.86757263,106.31955122
2023-06-11,25906.82815167,44368.04734408,16322.09246281,-53.80129868,1968.90002441,13.15802114,67.18456564
2023-06-18,26353.96268293,44701.71909764,16444.84344104,-52.83933093,1944.90002441,13.55029171,87.86547139
2023-06-25,30467.44037054,45037.45309092,16568.35307487,-39.08358500,1922.19995117,15.85029713,212.52946251
2023-07-02,30594.21647370,45375.25931322,16692.62503916,-39.41560205,1927.09997559,15.87578063,201.02363106
2023-07-09,30163.22105640,45715.14778890,16817.66302165,-41.58063681,1961.69995117,15.37606250,164.95405923
2023-07-16,30249.77296581,46057.12857747,16943.47072304,-42.03938723,1980.80004883,15.27149244,152.51678569
2023-07-23,30066.57244828,46401.21177367,17070.05185698,-43.39115700,1970.09997559,15.26144501,146.89787017
2023-07-30,29262.83673378,46747.40750754,17197.41015009,-46.84404597,1975.00000000,14.81662619,120.49205873
2023-08-06,29048.04332759,47095.72594449,17325.54934202,-48.32311269,1950.59997559,14.89185055,120.52926107
2023-08-13,29286.11761105,47446.17728539,17454.47318547,-48.24823567,1928.30004883,15.18753144,132.18023507
2023-08-20,26176.47216423,47798.77176665,17584.18544620,-60.21389456,1948.09997559,13.43692444,43.54374465
2023-08-27,26086.36125950,48153.51966027,17714.68990306,-61.29816128,1973.00000000,13.22167322,31.13789292
2023-09-03,25962.54756897,48510.43127395,17845.99034805,-62.51238312,1944.19995117,13.35384643,36.06295571
2023-09-10,25831.46478025,48869.51695115,17978.09058631,-63.75605129,1932.50000000,13.36686405,36.04255982
2023-09-17,26502.43211894,49230.78707116,18110.99443617,-61.92826744,1967.09997559,13.47284452,39.57951390
2023-09-24,26286.64104880,49594.25204921,18244.70572918,-63.48140757,1890.90002441,13.90165567,58.58415900
2023-10-01,27950.14535944,49959.92233649,18379.22831012,-58.07987305,1834.80004883,15.23334675,120.40101452
2023-10-08,27936.32611572,50327.80842029,18514.56603704,-58.86299224,1887.30004883,14.80227065,95.36700359
2023-10-15,27130.30670923,50697.92082403,18650.72278130,-62.52334686,1968.30004883,13.78362345,43.10194849
2023-10-22,29984.15931970,51070.27010738,18787.70242758,-53.25333101,1994.90002441,15.03040701,101.03460778
2023-10-29,34574.33772063,51444.86686628,18925.50887390,-39.73989654,1987.50000000,17.39589319,204.03846323
2023-11-05,35105.04202659,51821.72173307,19064.14603170,-38.94646322,1957.80004883,17.93086176,214.12632722
2023-11-12,37053.34105143,52200.84537655,19203.61782580,-34.27401652,1964.30004883,18.86338142,241.01615860
2023-11-19,37442.72851198,52582.24850206,19343.92819448,-33.95660560,1992.80004883,18.78900421,225.14975573
2023-11-26,37482.70552601,52965.94185154,19485.08108946,-34.57694598,2047.09997559,18.31014898,195.82250263
2023-12-03,39978.22261046,53351.93620363,19627.08047600,-28.85753984,2047.90002441,19.52156948,233.60758907
2023-12-10,43732.71209001,53740.24237373,19769.93033287,-20.60657308,1997.30004883,21.89591500,302.75671561
2023-12-17,41428.66578551,54130.87121411,19913.63465237,-26.74316040,2047.69995117,20.23180484,226.09182771
2023-12-24,43097.80932583,54523.83361395,20058.19744042,-23.51657520,2093.10009766,20.59041962,228.19503343
2023-12-31,42217.15879135,54919.14049942,20203.62271654,-26.30351859,2042.80004883,20.66631965,221.76018629
2024-01-07,43844.19594974,55316.80283381,20349.91451389,-23.24343625,2027.80004883,21.62155779,245.25086691
2024-01-14,41888.15130684,55716.83161753,20497.07687930,-28.52792828,2006.50000000,20.87622791,206.15025739
2024-01-21,41537.11235622,56119.23788825,20645.11387330,-30.08913738,2016.00000000,20.60372637,186.43144017
2024-01-28,41983.02027440,56524.03272096,20794.02957014,-29.74006482,2048.39990234,20.49551956,173.75695792
2024-02-04,42576.29130508,56931.22722803,20943.82805785,-29.05464433,2051.69995117,20.75171434,174.13147499
2024-02-11,48200.79860579,57340.83255932,21094.51343823,-17.36373905,2004.30004883,24.04869402,265.27591156
2024-02-18,52148.06453653,57752.85990221,21246.08982688,-10.20858029,2034.30004883,25.63440165,285.91668629
2024-02-25,51746.47896698,58167.32048176,21398.56135327,-11.69673027,2042.69995117,25.33239350,254.48429111
2024-03-03,62991.44229135,58584.22556070,21551.93216073,7.25334086,2158.19995117,29.18702795,321.91936436
2024-03-10,68882.25133957,59003.58643956,21706.20640650,15.48003154,2180.80004883,31.58577118,336.39989896
2024-03-17,68285.08916920,59425.41445674,21861.38826173,13.89694413,2161.00000000,31.59883812,299.79484452
2024-03-24,67289.56583109,59849.72098859,22017.48191155,11.71684148,2190.60009766,30.71741205,257.12796843
2024-03-31,71227.45179398,60276.51744946,22174.49155507,16.69357038,2315.00000000,30.76779775,238.65003537
2024-04-07,69392.68301081,60705.81529184,22332.42140542,13.37419325,2348.39990234,29.54892092,202.56354427
2024-04-14,65648.80996026,61137.62600637,22491.27568977,7.11919867,2388.39990234,27.48652347,157.25904884
2024-04-21,64968.19261981,61571.96112197,22651.05864938,5.36912155,2338.39990234,27.78318309,155.13732422
2024-04-28,62978.57700497,62008.83220590,22811.77453960,1.55177912,2311.00000000,27.25165600,139.61540524
2024-05-05,64067.59599182,62448.25086383,22973.42762992,2.56004858,2322.30004883,27.58799235,139.30306265
2024-05-12,61431.27468790,62890.22873993,23136.02220399,-2.34717405,2394.89990234,25.65087360,102.14545355
2024-05-19,66259.47042607,63334.77751696,23299.56255966,4.51438183,2392.89990234,27.69003014,131.52941571
2024-05-26,68445.00695324,63781.90891634,23464.05300899,7.05610138,2341.19995117,29.23501127,150.82464035
2024-06-02,67805.48557423,64231.63469821,23629.49787831,5.41472582,2375.50000000,28.54366894,133.63088701
2024-06-09,69644.01908942,64683.96666154,23795.90150820,7.38834653,2354.80004883,29.57534298,144.68455583
2024-06-16,66622.59993366,65138.91664419,23963.26825358,2.25216898,2346.89990234,28.38749103,120.30503866
2024-06-23,63345.02187610,65596.49652299,24131.60248368,-3.49259655,2313.19995117,27.38415321,99.78792181
2024-06-30,62763.27968615,66056.71821386,24300.90858213,-5.11435558,2369.39990234,26.48910369,81.75225430
2024-07-07,56112.57255874,66519.59367181,24471.19094694,-17.01366487,2379.69995117,23.57968387,31.30761707
2024-07-14,61015.03394126,66985.13489111,24642.45399053,-9.33504356,2459.89990234,24.80386860,49.13082090
2024-07-21,68056.62012157,67453.35390527,24814.70213981,0.89037018,2415.69995117,28.17262967,101.92086090
2024-07-28,68170.66913092,67924.26278724,24987.93983615,0.36210990,2426.50000000,28.09423826,96.85773241
2024-08-04,58306.26447867,68397.87364938,25162.17153545,-15.96321971,2432.39990234,23.97067375,24.22944113
2024-08-11,58836.10437230,68874.19864361,25337.40170814,-15.75259461,2479.69995117,23.72710632,17.46900974
2024-08-18,58793.20614582,69353.24996144,25513.63483924,-16.51867024,2547.50000000,23.07878553,2.93320108
2024-08-25,64498.01834132,69835.03983411,25690.87542836,-7.95013872,2537.80004883,25.41493305,41.96814939
2024-09-01,57349.08071800,70319.58053261,25869.12798975,-20.38934741,2526.00000000,22.70351572,-12.00535510
2024-09-08,54859.25840824,70806.88436781,26048.39705232,-25.51852653,2542.39990234,21.57774564,-37.92765366
2024-09-15,59129.91975365,71296.96369049,26228.68715968,-18.71166888,2598.60009766,22.75452841,-18.84618858
2024-09-22,63571.95217300,71789.83089146,26410.00287014,-12.15704655,2684.69995117,23.67935089,-3.77438186
2024-09-29,65617.76106897,72285.49840165,26592.34875680,-9.67771264,2669.69995117,24.57870258,12.14433923
2024-10-06,62789.88145558,72783.97869214,26775.72940750,-14.77019209,2626.00000000,23.91084595,-6.95586920
2024-10-13,62759.43111338,73285.28427428,26960.14942491,-15.50509651,2691.30004883,23.31937353,-26.57283845
2024-10-20,69012.35320894,73789.42769976,27145.61342655,-6.69299447,2729.39990234,25.28480826,18.17749060
2024-10-27,68000.14750088,74296.42156069,27332.12604478,-8.85529142,2800.80004883,24.27882973,-12.02826503
2024-11-03,68742.75462274,74806.27848969,27519.69192690,-8.45304748,2676.30004883,25.68574277,22.84129080
2024-11-10,80409.28656663,75319.01115996,27708.31573511,6.53970989,2586.50000000,31.08806749,167.83823131
2024-11-17,89732.97042928,75834.63228536,27898.00214658,16.82831862,2651.69995117,33.83979035,231.38992840
2024-11-24,97980.20828200,76353.15462050,28088.75585347,24.93961533,2639.89990234,37.11512251,294.61648705
2024-12-01,97469.60445295,76874.59096082,28280.58156295,23.73651749,2676.19995117,36.42089763,256.90218470
2024-12-08,100798.98356429,77398.95414265,28473.48399725,26.41550038,2756.69995117,36.56509063,241.15840938
2024-12-15,104551.36714115,77926.25704333,28667.46789368,29.39155452,2653.30004883,39.40427589,281.21933951
2024-12-22,95149.10582525,78456.51258126,28862.53800465,19.29007047,2635.50000000,36.10286694,197.12982941
2024-12-29,93457.57832028,78989.73371599,29058.69909772,16.81897345,2641.00000000,35.38719361,173.45698164
2025-01-05,98414.81209643,79525.93344832,29255.95595560,21.31081468,2672.39990234,36.82637917,193.54598536
2025-01-12,94353.77525862,80065.12482034,29454.31337623,16.42109206,2717.80004883,34.71696724,143.57831911
2025-01-19,100954.57228200,80607.32091555,29653.77617274,22.50811607,2770.89990234,36.43385753,172.07874549
2025-01-26,102833.36927323,81152.53485894,29854.34917355,23.67793740,2769.80004883,37.12664000,178.68100139
2025-02-02,97424.78090006,81700.77981702,30056.03722236,17.60170556,2893.00000000,33.67603903,103.64937560
2025-02-09,96309.75324050,82252.06899800,30258.84517818,15.77810491,2928.69995117,32.88481403,83.67046763
2025-02-16,96182.26617066,82806.41565176,30462.77791538,14.97394552,2936.10009766,32.75851060,78.01867073
2025-02-23,96091.63297750,83363.83307001,30667.84032370,14.20876873,2930.60009766,32.78906360,75.67350958
2025-03-02,94328.00944448,83924.33458634,30874.03730831,11.68625562,2926.00000000,32.23787062,62.58541331
2025-03-09,80647.79641087,84487.93357633,31081.37378979,-4.65172449,2946.80004883,27.36792286,-37.93572177
2025-03-16,82492.10282876,85054.64345758,31289.85470421,-3.05913487,3041.19995117,27.12485340,-41.27000391
2025-03-23,85760.88145061,85624.47768983,31499.48500313,0.15917788,3022.50000000,28.37415433,-14.07413773
2025-03-30,82216.46667650,86197.44977507,31710.26965366,-4.72849857,3166.19995117,25.96692184,-62.62240712
2025-04-06,77949.08849269,86773.57325754,31922.21363843,-10.72462178,3079.39990234,25.31307754,-74.24246583
2025-04-13,83568.95443600,87352.86172389,32135.32195571,-4.42837049,3346.39990234,24.97279371,-79.89830694
2025-04-20,85101.74615459,87935.32880322,32349.59961936,-3.27540901,3294.10009766,25.83459629,-61.03044987
2025-04-27,93812.87653478,88520.98816719,32565.05165889,5.80624448,3319.10009766,28.26455177,-11.15175483
2025-05-04,94377.78991964,89109.85353007,32781.68311951,5.74358513,3391.89990234,27.82446199,-20.36649680
2025-05-11,103976.13779895,89701.93864884,32999.49906213,14.76690472,3188.30004883,32.61177938,75.93544241
2025-05-18,106015.68984892,90297.25732330,33218.50456341,16.04800136,3313.50000000,31.99507767,61.27776216
2025-05-25,108914.87655845,90895.82339610,33438.70471577,18.08525752,3294.89990234,33.05559495,81.10934325
2025-06-01,105750.15972443,91497.65075285,33660.10462746,14.47660312,3399.19995117,31.11030867,40.17554478
2025-06-08,105727.73963238,92102.75332221,33882.70942253,13.79624581,3343.69995117,31.61998420,49.68331122
2025-06-15,105512.79743776,92711.14507596,34106.52424091,12.93435556,3408.10009766,30.95941857,35.15496665
2025-06-22,100899.23415196,93322.84002909,34331.55423843,7.80574572,3343.10009766,30.18133804,18.20839939
2025-06-29,108360.90169638,93937.85223988,34557.80458685,14.28339213,3359.69995117,32.25314858,58.23842359
2025-07-06,109180.00554559,94556.19580998,34785.28047387,14.38036247,3321.00000000,32.87564154,67.93871839
2025-07-13,118899.73710783,95177.88488450,35013.98710319,22.25329795,3359.10009766,35.39630664,115.27243798
2025-07-20,117305.68095383,95802.93365209,35243.92969452,20.24898783,3397.60009766,34.52604120,94.16505348
2025-07-27,119438.16423554,96431.35634502,35475.11348361,21.39673613,3295.80004883,36.23950557,124.13852059
2025-08-03,114263.69394769,97063.16723926,35707.54372231,16.31469069,3433.39990234,33.28004229,61.75830536
2025-08-10,119189.19816028,97698.38065459,35941.22567856,19.88271468,3408.30004883,34.97027740,92.53953730
2025-08-17,117601.95223189,98337.01095464,36176.16463646,17.89051694,3388.50000000,34.70619809,83.87249581
2025-08-24,113516.12247440,98979.07254702,36412.36589626,13.70364357,3448.60009766,32.91658043,44.02117212
2025-08-31,108316.44689481,99624.57988335,36649.83477443,8.36480866,3635.50000000,29.79409899,-25.27836974
2025-09-07,111307.78442109,100273.54745941,36888.57660365,10.43972707,3682.00000000,30.23025106,-20.26550582
2025-09-14,115395.93342344,100925.98981516,37128.59673288,13.39816404,3717.80004883,31.03876806,-5.80978915
2025-09-21,115320.85882905,101581.92153487,37369.90052737,12.68527384,3768.10009766,30.60451045,-19.71610915
2025-09-28,112170.00778609,102241.35724717,37612.49336870,9.26793814,3897.50000000,28.77998917,-67.31856709
2025-10-05,123523.76831385,102904.31162515,37856.38065479,18.26340505,4070.50000000,30.34609220,-32.75109950
2025-10-12,115152.91704500,103570.79938646,38101.56779997,10.60055276,4201.60009766,27.40691983,-113.82141833
2025-10-19,108706.66376388,104240.83529337,38348.06023497,4.19491505,4065.39990234,26.73947616,-133.75208712
2025-10-26,114557.10046055,104914.43415284,38595.86340697,8.79282876,4000.69995117,28.63426447,-88.08809701
2025-11-02,110389.16862712,105591.61081666,38844.98277963,4.44330937,3992.89990234,27.64636513,-118.27344042
2025-11-09,104685.54544097,106272.38018148,39095.42383312,-1.50443712,4213.60009766,24.84467985,-187.00368443
2025-11-16,94182.31309965,106956.75718892,39347.19206417,-12.71922094,4082.80004883,23.06806897,-219.23178926
2025-11-23,86872.45466306,107644.75682564,39600.29298605,-21.43955123,4165.20019531,20.85672971,-255.94078961
2025-11-30,90607.70215137,108336.39412344,39854.73212866,-17.87019246,4232.50000000,21.40760831,-226.73543388
2025-12-07,90067.84739947,109031.68415933,40110.51503852,-19.10752740,4224.70019531,21.31934652,-215.37219050
2025-12-14,88096.38261426,109730.64205565,40367.64727881,-21.95971821,4373.89990234,20.14138059,-230.99057710
2025-12-21,88533.43098305,110433.28298008,40626.13442944,-22.10313328,4502.79980469,19.66186258,-226.57860135
2025-12-28,87747.64915488,111139.62214580,40885.98208700,-23.63221963,4341.10009766,20.21322872,-202.34875106
2026-01-04,91359.76368235,111849.67481155,41147.19586488,-20.23506213,4462.50000000,20.47277618,-187.76225715
2026-01-11,90717.20631531,112563.45628170,41409.78139324,-21.57700735,4635.70019531,19.56925653,-195.56071925
2026-01-18,94261.32943133,113280.98190634,41673.74431906,-18.38002726,4837.50000000,19.48554614,-188.16527803
2026-01-25,86445.67059264,114002.26708139,41939.09030618,-27.67022039,5303.60009766,16.29943227,-237.87728171
2026-02-01,76911.05237726,114727.32724863,42205.82503532,-39.99086553,4950.79980469,15.53507623,-234.99629330
2026-02-08,70522.58923933,115456.17789587,42473.95420412,-49.29579726,5098.50000000,13.83202692,-246.36755171
2026-02-15,68629.95997604,116188.83455694,42743.48352717,-52.64875779,5009.50000000,13.69996207,-231.07887762
2026-02-22,67550.02407686,116925.31281184,43014.41873602,-54.86669581,5226.20019531,12.92526531,-227.41336724
2026-03-01,65733.52125979,117665.62828681,43286.76557924,-58.22379311,5134.70019531,12.80182265,-214.63214172
2026-03-08,66202.69787317,118409.79665441,43560.52982245,-58.14302456,5179.10009766,12.78266429,-201.97498997
2026-03-15,72712.14619579,119157.83363358,43835.71724832,-49.39405039,4896.20019531,14.85072981,-162.91552086
2026-03-22,68018.15348159,119909.75498980,44112.33365665,-56.69647856,4552.29980469,14.94149252,-154.26212929
2026-03-29,65966.75239392,120665.57653509,44390.38486436,-60.38720254,4813.10009766,13.70566808,-164.08275122
2026-04-05,68921.80609117,121425.31412813,44669.87670552,-56.63267583,4777.20019531,14.42723840,-147.82896757
2026-04-12,70685.36970193,122188.98367438,44950.81503144,-54.73302761,4823.60009766,14.65406922,-139.30093997
2026-04-19,73905.20410169,122956.60112611,45233.20571061,-50.90482104,4753.00000000,15.54916981,-122.83132138
2026-04-26,78538.77335739,123728.18248251,45517.05462883,-45.44946518,4561.50000000,17.21775148,-97.31061887
2026-05-03,78649.17328930,124503.74378979,45802.36768914,-45.93386679,4694.29980469,16.75418626,-99.77294624
2026-05-10,82256.78113793,125283.30114123,46089.15081195,-42.07317503,4706.70019531,17.47652872,-86.93903563
2026-05-17,77497.69711338,126066.87067730,46377.40993500,-48.65642646,4535.29980469,17.08766795,-88.50073888
2026-05-24,76950.98963164,126854.46858574,46667.15101342,-49.98717918,4448.39990234,17.29857731,-82.41468407
2026-05-31,73599.56074132,127646.11110163,46958.38001978,-55.06226204,4466.89990234,16.47665324,-89.69230237
2026-06-07,63158.25397737,128441.81450748,47251.10294406,-70.98324518,4133.29980469,15.28034669,-101.50548247
2026-06-14,65615.32661075,129241.59513332,47545.32579375,-67.78741773,4381.39990234,14.97588170,-101.55240917
2026-06-21,63365.43689509,130045.46935681,47841.05459386,-71.89656002,4008.80004883,15.80658454,-87.11550988
2026-06-28,59516.67365313,130853.45360328,48138.29538693,-78.78215195,4082.39990234,14.57884457,-99.59933782
2026-07-05,63619.88104150,131665.56434585,48437.05423307,-72.73390877,4082.39990234,15.58394145,-82.91047648
2026-07-12,63752.27165693,132481.81810550,48737.33721003,-73.14405969,4051.80004883,15.73430843,-77.97377037
2026-07-19,64653.04974576,133302.23145117,49039.15041316,-72.35836898,4151.89990234,15.57191919,-77.32246283
2026-07-26,65328.78912186,134126.82099984,49342.49995552,-71.93529639,4036.30004883,16.18531535,-65.90595800
2026-08-02,63445.68296581,134955.60341661,49647.39196786,-75.47617073,4305.20019531,14.73698785,-84.76607118
2026-08-09,64864.92728930,135788.59541479,49953.83259865,-73.87921648,4467.50000000,14.51928982,-85.94810380
2026-08-16,62818.41121070,136625.81375600,50261.82801415,-77.69977000,4545.29980469,13.82052096,-95.53245744
2026-08-23,77593.02802911,137467.27525024,50571.38439842,-57.19083124,4653.29980469,16.67483964,-43.84178888
2026-08-30,77689.19060695,138312.99675598,50882.50795334,-57.68030787,4414.60009766,17.59823968,-23.91341421
2026-09-06,80319.97313806,139162.99518026,51195.20489866,-54.96275518,4460.70019531,18.00613572,-12.49208005
2026-09-13,76759.25856539,140017.28747874,51509.48147202,-60.10918850,4387.50000000,17.49498771,-18.46507797
2026-09-20,81262.34555074,140875.89065586,51825.34392901,-55.01965397,4424.89990234,18.36478730,4.74104920
